away_team,away_team_id,competition_id,date,home_team,home_team_id,match_id
"{0: 'Ospreys', 1: 'Dragons'}","{0: '25968', 1: '25967'}","{0: '270557', 1: '270557'}","{0: '20250101', 1: '20250101'}","{0: 'Cardiff Blues', 1: 'Scarlets'}","{0: '25965', 1: '25966'}","{0: '599267', 1: '599268'}"
{0: 'Harlequins'},{0: '25901'},{0: '267979'},{0: '20250103'},{0: 'Newcastle Falcons'},{0: '25906'},{0: '599967'}
"{0: 'Sale Sharks', 1: 'Exeter Chiefs', 2: 'Bristol Rugby', 3: 'Racing 92', 4: 'Pau', 5: 'Perpignan', 6: 'Bayonne', 7: 'Bordeaux Begles', 8: 'Stade Toulousain'}","{0: '25908', 1: '116227', 2: '25899', 3: '99855', 4: '270567', 5: '25920', 6: '25912', 7: '143737', 8: '25922'}","{0: '267979', 1: '267979', 2: '267979', 3: '270559', 4: '270559', 5: '270559', 6: '270559', 7: '270559', 8: '270559'}","{0: '20250104', 1: '20250104', 2: '20250104', 3: '20250104', 4: '20250104', 5: '20250104', 6: '20250104', 7: '20250104', 8: '20250104'}","{0: 'Gloucester Rugby', 1: 'Leicester Tigers', 2: 'Saracens', 3: 'Toulon', 4: 'Castres Olympique', 5: 'Lyon', 6: 'Montpellier Herault', 7: 'Stade Francais Paris', 8: 'La Rochelle'}","{0: '25900', 1: '25903', 2: '25909', 3: '25986', 4: '25916', 5: '143736', 6: '25918', 7: '25921', 8: '119318'}","{0: '599968', 1: '599969', 2: '599970', 3: '599700', 4: '599697', 5: '599698', 6: '599699', 7: '599702', 8: '599703'}"
"{0: 'Bath Rugby', 1: 'Clermont Auvergne'}","{0: '25898', 1: '25917'}","{0: '267979', 1: '270559'}","{0: '20250105', 1: '20250105'}","{0: 'Northampton Saints', 1: 'Vannes'}","{0: '25907', 1: '289337'}","{0: '599971', 1: '599701'}"
"{0: 'Racing 92', 1: 'Scarlets'}","{0: '99855', 1: '25966'}","{0: '271937', 1: '272073'}","{0: '20250110', 1: '20250110'}","{0: 'Glasgow Warriors', 1: 'Gloucester Rugby'}","{0: '25952', 1: '25900'}","{0: '599817', 1: '599856'}"
"{0: 'Sale Sharks', 1: 'Bordeaux Begles', 2: 'Stade Toulousain', 3: 'Saracens', 4: 'Northampton Saints', 5: 'Ulster', 6: 'Bulls', 7: 'Cardiff Blues', 8: 'Edinburgh', 9: 'Bayonne', 10: 'Newcastle Falcons', 11: 'Lions', 12: 'Lyon'}","{0: '25908', 1: '143737', 2: '25922', 3: '25909', 4: '25907', 5: '25926', 6: '25953', 7: '25965', 8: '25951', 9: '25912', 10: '25906', 11: '25958', 12: '143736'}","{0: '271937', 1: '271937', 2: '271937', 3: '271937', 4: '271937', 5: '271937', 6: '271937', 7: '272073', 8: '272073', 9: '272073', 10: '272073', 11: '272073', 12: '272073'}","{0: '20250111', 1: '20250111', 2: '20250111', 3: '20250111', 4: '20250111', 5: '20250111', 6: '20250111', 7: '20250111', 8: '20250111', 9: '20250111', 10: '20250111', 11: '20250111', 12: '20250111'}","{0: 'Stormers', 1: 'Exeter Chiefs', 2: 'Sharks', 3: 'Munster', 4: 'Stade Francais Paris', 5: 'Leicester Tigers', 6: 'Castres Olympique', 7: 'Perpignan', 8: 'Vannes', 9: 'Black Lion', 10: 'Ospreys', 11: 'Montpellier Herault', 12: 'Connacht'}","{0: '25962', 1: '116227', 2: '25961', 3: '25925', 4: '25921', 5: '25903', 6: '25916', 7: '25920', 8: '289337', 9: '289460', 10: '25968', 11: '25918', 12: '25923'}","{0: '599818', 1: '599819', 2: '599821', 3: '599822', 4: '599823', 5: '599825', 6: '599827', 7: '599858', 8: '599860', 9: '599864', 10: '599869', 11: '599874', 12: '599877'}"
"{0: 'Harlequins', 1: 'Leinster', 2: 'Benetton Treviso', 3: 'Clermont Auvergne', 4: 'Zebre', 5: 'Pau'}","{0: '25901', 1: '25924', 2: '25927', 3: '25917', 4: '167124', 5: '270567'}","{0: '271937', 1: '271937', 2: '271937', 3: '271937', 4: '272073', 5: '272073'}","{0: '20250112', 1: '20250112', 2: '20250112', 3: '20250112', 4: '20250112', 5: '20250112'}","{0: 'Toulon', 1: 'La Rochelle', 2: 'Bristol Rugby', 3: 'Bath Rugby', 4: 'Cheetahs', 5: 'Dragons'}","{0: '25986', 1: '119318', 2: '25899', 3: '25898', 4: '25955', 5: '25967'}","{0: '602206', 1: '599829', 2: '599831', 3: '599833', 4: '599878', 5: '599879'}"
"{0: 'Exeter Chiefs', 1: 'Connacht', 2: 'Montpellier Herault'}","{0: '116227', 1: '25923', 2: '25918'}","{0: '271937', 1: '272073', 2: '272073'}","{0: '20250117', 1: '20250117', 2: '20250117'}","{0: 'Ulster', 1: 'Cardiff Blues', 2: 'Newcastle Falcons'}","{0: '25926', 1: '25965', 2: '25906'}","{0: '599835', 1: '599880', 2: '599881'}"
"{0: 'Stade Francais Paris', 1: 'Munster', 2: 'Bristol Rugby', 3: 'La Rochelle', 4: 'Bath Rugby', 5: 'Glasgow Warriors', 6: 'Stormers', 7: 'Ospreys', 8: 'Dragons', 9: 'Vannes', 10: 'Cheetahs'}","{0: '25921', 1: '25925', 2: '25899', 3: '119318', 4: '25898', 5: '25952', 6: '25962', 7: '25968', 8: '25967', 9: '289337', 10: '25955'}","{0: '271937', 1: '271937', 2: '271937', 3: '271937', 4: '271937', 5: '271937', 6: '271937', 7: '272073', 8: '272073', 9: '272073', 10: '272073'}","{0: '20250118', 1: '20250118', 2: '20250118', 3: '20250118', 4: '20250118', 5: '20250118', 6: '20250118', 7: '20250118', 8: '20250118', 9: '20250118', 10: '20250118'}","{0: 'Bulls', 1: 'Northampton Saints', 2: 'Clermont Auvergne', 3: 'Benetton Treviso', 4: 'Leinster', 5: 'Harlequins', 6: 'Racing 92', 7: 'Pau', 8: 'Lions', 9: 'Scarlets', 10: 'Lyon'}","{0: '25953', 1: '25907', 2: '25917', 3: '25927', 4: '25924', 5: '25901', 6: '99855', 7: '270567', 8: '25958', 9: '25966', 10: '143736'}","{0: '599837', 1: '599839', 2: '602207', 3: '599842', 4: '599844', 5: '599846', 6: '599848', 7: '599882', 8: '599883', 9: '599884', 10: '599885'}"
"{0: 'Sharks', 1: 'Castres Olympique', 2: 'Leicester Tigers', 3: 'Toulon', 4: 'Black Lion', 5: 'Gloucester Rugby', 6: 'Perpignan'}","{0: '25961', 1: '25916', 2: '25903', 3: '25986', 4: '289460', 5: '25900', 6: '25920'}","{0: '271937', 1: '271937', 2: '271937', 3: '271937', 4: '272073', 5: '272073', 6: '272073'}","{0: '20250119', 1: '20250119', 2: '20250119', 3: '20250119', 4: '20250119', 5: '20250119', 6: '20250119'}","{0: 'Bordeaux Begles', 1: 'Saracens', 2: 'Stade Toulousain', 3: 'Sale Sharks', 4: 'Edinburgh', 5: 'Bayonne', 6: 'Zebre'}","{0: '143737', 1: '25909', 2: '25922', 3: '25908', 4: '25951', 5: '25912', 6: '167124'}","{0: '599850', 1: '599852', 2: '599854', 3: '599857', 4: '599886', 5: '599887', 6: '599888'}"
"{0: 'Northampton Saints', 1: 'Benetton Treviso'}","{0: '25907', 1: '25927'}","{0: '267979', 1: '270557'}","{0: '20250124', 1: '20250124'}","{0: 'Harlequins', 1: 'Ospreys'}","{0: '25901', 1: '25968'}","{0: '599975', 1: '599270'}"
"{0: 'Leicester Tigers', 1: 'Saracens', 2: 'Bulls', 3: 'Edinburgh', 4: 'Stormers', 5: 'Sharks', 6: 'Munster', 7: 'Montpellier Herault', 8: 'Castres Olympique', 9: 'Stade Francais Paris', 10: 'Clermont Auvergne', 11: 'Bayonne', 12: 'Lyon'}","{0: '25903', 1: '25909', 2: '25953', 3: '25951', 4: '25962', 5: '25961', 6: '25925', 7: '25918', 8: '25916', 9: '25921', 10: '25917', 11: '25912', 12: '143736'}","{0: '267979', 1: '267979', 2: '270557', 3: '270557', 4: '270557', 5: '270557', 6: '270557', 7: '270559', 8: '270559', 9: '270559', 10: '270559', 11: '270559', 12: '270559'}","{0: '20250125', 1: '20250125', 2: '20250125', 3: '20250125', 4: '20250125', 5: '20250125', 6: '20250125', 7: '20250125', 8: '20250125', 9: '20250125', 10: '20250125', 11: '20250125', 12: '20250125'}","{0: 'Gloucester Rugby', 1: 'Exeter Chiefs', 2: 'Lions', 3: 'Scarlets', 4: 'Leinster', 5: 'Cardiff Blues', 6: 'Dragons', 7: 'Stade Toulousain', 8: 'Racing 92', 9: 'Vannes', 10: 'Pau', 11: 'Perpignan', 12: 'Bordeaux Begles'}","{0: '25900', 1: '116227', 2: '25958', 3: '25966', 4: '25924', 5: '25965', 6: '25967', 7: '25922', 8: '99855', 9: '289337', 10: '270567', 11: '25920', 12: '143737'}","{0: '599974', 1: '599973', 2: '599271', 3: '599272', 4: '599273', 5: '599274', 6: '599275', 7: '599708', 8: '599704', 9: '599706', 10: '599707', 11: '599710', 12: '599709'}"
"{0: 'Newcastle Falcons', 1: 'Bath Rugby', 2: 'Connacht', 3: 'Zebre', 4: 'La Rochelle'}","{0: '25906', 1: '25898', 2: '25923', 3: '167124', 4: '119318'}","{0: '267979', 1: '267979', 2: '270557', 3: '270557', 4: '270559'}","{0: '20250126', 1: '20250126', 2: '20250126', 3: '20250126', 4: '20250126'}","{0: 'Bristol Rugby', 1: 'Sale Sharks', 2: 'Glasgow Warriors', 3: 'Ulster', 4: 'Toulon'}","{0: '25899', 1: '25908', 2: '25952', 3: '25926', 4: '25986'}","{0: '599972', 1: '599976', 2: '599269', 3: '599276', 4: '599705'}"
{0: 'Wales'},{0: '4'},{0: '180659'},{0: '20250131'},{0: 'France'},{0: '9'},{0: '600250'}
"{0: 'Italy', 1: 'England', 2: 'Andorra'}","{0: '20', 1: '1', 2: '289430'}","{0: '180659', 1: '180659', 2: '289234'}","{0: '20250201', 1: '20250201', 2: '20250201'}","{0: 'Scotland', 1: 'Ireland', 2: 'Israel'}","{0: '2', 1: '3', 2: '289444'}","{0: '600251', 1: '600252', 2: '601213'}"
"{0: 'Wales', 1: 'France', 2: 'Bulls'}","{0: '4', 1: '9', 2: '25953'}","{0: '180659', 1: '180659', 2: '270557'}","{0: '20250208', 1: '20250208', 2: '20250208'}","{0: 'Italy', 1: 'England', 2: 'Stormers'}","{0: '20', 1: '1', 2: '25962'}","{0: '600253', 1: '600254', 2: '599201'}"
{0: 'Ireland'},{0: '3'},{0: '180659'},{0: '20250209'},{0: 'Scotland'},{0: '2'},{0: '600255'}
"{0: 'Zebre', 1: 'Leinster', 2: 'Hurricanes', 3: 'Highlanders', 4: 'Brumbies'}","{0: '167124', 1: '25924', 2: '25939', 3: '25938', 4: '25889'}","{0: '270557', 1: '270557', 2: '242041', 3: '242041', 4: '242041'}","{0: '20250214', 1: '20250214', 2: '20250214', 3: '20250214', 4: '20250214'}","{0: 'Edinburgh', 1: 'Ospreys', 2: 'Crusaders', 3: 'New South Wales Waratahs', 4: 'Fijian Drua'}","{0: '25951', 1: '25968', 2: '25936', 3: '227', 4: '289338'}","{0: '599277', 1: '599278', 2: '600348', 3: '600349', 4: '600350'}"
"{0: 'Stormers', 1: 'Sharks', 2: 'Ulster', 3: 'Scarlets', 4: 'Cardiff Blues', 5: 'Bordeaux Begles', 6: 'La Rochelle', 7: 'Vannes', 8: 'Pau', 9: 'Castres Olympique', 10: 'Toulon', 11: 'Chiefs', 12: 'Moana Pasifika', 13: 'Old Glory DC', 14: 'Anthem Rugby Carolina', 15: 'Chicago Hounds', 16: 'New England Free Jacks'}","{0: '25962', 1: '25961', 2: '25926', 3: '25966', 4: '25965', 5: '143737', 6: '119318', 7: '289337', 8: '270567', 9: '25916', 10: '25986', 11: '25934', 12: '289319', 13: '289311', 14: '289492', 15: '289351', 16: '289310'}","{0: '270557', 1: '270557', 2: '270557', 3: '270557', 4: '270557', 5: '270559', 6: '270559', 7: '270559', 8: '270559', 9: '270559', 10: '270559', 11: '242041', 12: '242041', 13: '289262', 14: '289262', 15: '289262', 16: '289262'}","{0: '20250215', 1: '20250215', 2: '20250215', 3: '20250215', 4: '20250215', 5: '20250215', 6: '20250215', 7: '20250215', 8: '20250215', 9: '20250215', 10: '20250215', 11: '20250215', 12: '20250215', 13: '20250215', 14: '20250215', 15: '20250215', 16: '20250215'}","{0: 'Lions', 1: 'Bulls', 2: 'Benetton Treviso', 3: 'Munster', 4: 'Connacht', 5: 'Bayonne', 6: 'Lyon', 7: 'Racing 92', 8: 'Stade Francais Paris', 9: 'Perpignan', 10: 'Montpellier Herault', 11: 'Blues', 12: 'Western Force', 13: 'Miami Sharks', 14: 'Nola Gold', 15: 'Houston SaberCats', 16: 'RFCLA'}","{0: '25958', 1: '25953', 2: '25927', 3: '25925', 4: '25923', 5: '25912', 6: '143736', 7: '99855', 8: '25921', 9: '25920', 10: '25918', 11: '25932', 12: '25893', 13: '289490', 14: '289270', 15: '289273', 16: '289312'}","{0: '599279', 1: '599280', 2: '599281', 3: '599282', 4: '599283', 5: '599712', 6: '599713', 7: '599715', 8: '599716', 9: '599717', 10: '599714', 11: '600351', 12: '600352', 13: '602108', 14: '602109', 15: '602110', 16: '602112'}"
"{0: 'Glasgow Warriors', 1: 'Stade Toulousain', 2: 'Seattle Seawolves'}","{0: '25952', 1: '25922', 2: '289272'}","{0: '270557', 1: '270559', 2: '289262'}","{0: '20250216', 1: '20250216', 2: '20250216'}","{0: 'Dragons', 1: 'Clermont Auvergne', 2: 'San Diego Legion'}","{0: '25967', 1: '25917', 2: '289277'}","{0: '599284', 1: '599711', 2: '602111'}"
"{0: 'Crusaders', 1: 'Moana Pasifika', 2: 'Fijian Drua', 3: 'San Diego Legion'}","{0: '25936', 1: '289319', 2: '289338', 3: '289277'}","{0: '242041', 1: '242041', 2: '242041', 3: '289262'}","{0: '20250221', 1: '20250221', 2: '20250221', 3: '20250221'}","{0: 'Chiefs', 1: 'Queensland Reds', 2: 'Hurricanes', 3: 'Anthem Rugby Carolina'}","{0: '25934', 1: '182', 2: '25939', 3: '289492'}","{0: '600353', 1: '600354', 2: '600355', 3: '602113'}"
"{0: 'Ireland', 1: 'Scotland', 2: 'Lions', 3: 'Lyon', 4: 'Stade Francais Paris', 5: 'Montpellier Herault', 6: 'Perpignan', 7: 'Racing 92', 8: 'Bayonne', 9: 'Blues', 10: 'Western Force', 11: 'Croatia'}","{0: '3', 1: '2', 2: '25958', 3: '143736', 4: '25921', 5: '25918', 6: '25920', 7: '99855', 8: '25912', 9: '25932', 10: '25893', 11: '289439'}","{0: '180659', 1: '180659', 2: '270557', 3: '270559', 4: '270559', 5: '270559', 6: '270559', 7: '270559', 8: '270559', 9: '242041', 10: '242041', 11: '289234'}","{0: '20250222', 1: '20250222', 2: '20250222', 3: '20250222', 4: '20250222', 5: '20250222', 6: '20250222', 7: '20250222', 8: '20250222', 9: '20250222', 10: '20250222', 11: '20250222'}","{0: 'Wales', 1: 'England', 2: 'Bulls', 3: 'Castres Olympique', 4: 'Toulon', 5: 'Vannes', 6: 'Pau', 7: 'La Rochelle', 8: 'Stade Toulousain', 9: 'Highlanders', 10: 'Brumbies', 11: 'Poland'}","{0: '4', 1: '1', 2: '25953', 3: '25916', 4: '25986', 5: '289337', 6: '270567', 7: '119318', 8: '25922', 9: '25938', 10: '25889', 11: '289361'}","{0: '600256', 1: '600257', 2: '599262', 3: '599718', 4: '599719', 5: '599720', 6: '599721', 7: '599722', 8: '599723', 9: '600356', 10: '600357', 11: '601214'}"
"{0: 'France', 1: 'Clermont Auvergne', 2: 'Utah Warriors', 3: 'Nola Gold', 4: 'Houston SaberCats'}","{0: '9', 1: '25917', 2: '289278', 3: '289270', 4: '289273'}","{0: '180659', 1: '270559', 2: '289262', 3: '289262', 4: '289262'}","{0: '20250223', 1: '20250223', 2: '20250223', 3: '20250223', 4: '20250223'}","{0: 'Italy', 1: 'Bordeaux Begles', 2: 'Chicago Hounds', 3: 'Miami Sharks', 4: 'RFCLA'}","{0: '20', 1: '143737', 2: '289351', 3: '289490', 4: '289312'}","{0: '600258', 1: '599724', 2: '602115', 3: '602114', 4: '602116'}"
"{0: 'Edinburgh', 1: 'Dragons', 2: 'Highlanders', 3: 'Fijian Drua', 4: 'Brumbies', 5: 'Miami Sharks'}","{0: '25951', 1: '25967', 2: '25938', 3: '289338', 4: '25889', 5: '289490'}","{0: '270557', 1: '270557', 2: '242041', 3: '242041', 4: '242041', 5: '289262'}","{0: '20250228', 1: '20250228', 2: '20250228', 3: '20250228', 4: '20250228', 5: '20250228'}","{0: 'Munster', 1: 'Zebre', 2: 'Moana Pasifika', 3: 'New South Wales Waratahs', 4: 'Chiefs', 5: 'Anthem Rugby Carolina'}","{0: '25925', 1: '167124', 2: '289319', 3: '227', 4: '25934', 5: '289492'}","{0: '599285', 1: '599286', 2: '600358', 3: '600359', 4: '600360', 5: '602117'}"
"{0: 'Sharks', 1: 'Cardiff Blues', 2: 'Stormers', 3: 'Scarlets', 4: 'Benetton Treviso', 5: 'Ospreys', 6: 'La Rochelle', 7: 'Toulon', 8: 'Castres Olympique', 9: 'Pau', 10: 'Vannes', 11: 'Bordeaux Begles', 12: 'Blues', 13: 'Queensland Reds', 14: 'Nola Gold', 15: 'San Diego Legion', 16: 'Seattle Seawolves'}","{0: '25961', 1: '25965', 2: '25962', 3: '25966', 4: '25927', 5: '25968', 6: '119318', 7: '25986', 8: '25916', 9: '270567', 10: '289337', 11: '143737', 12: '25932', 13: '182', 14: '289270', 15: '289277', 16: '289272'}","{0: '270557', 1: '270557', 2: '270557', 3: '270557', 4: '270557', 5: '270557', 6: '270559', 7: '270559', 8: '270559', 9: '270559', 10: '270559', 11: '270559', 12: '242041', 13: '242041', 14: '289262', 15: '289262', 16: '289262'}","{0: '20250301', 1: '20250301', 2: '20250301', 3: '20250301', 4: '20250301', 5: '20250301', 6: '20250301', 7: '20250301', 8: '20250301', 9: '20250301', 10: '20250301', 11: '20250301', 12: '20250301', 13: '20250301', 14: '20250301', 15: '20250301', 16: '20250301'}","{0: 'Lions', 1: 'Leinster', 2: 'Bulls', 3: 'Ulster', 4: 'Connacht', 5: 'Glasgow Warriors', 6: 'Stade Francais Paris', 7: 'Lyon', 8: 'Montpellier Herault', 9: 'Racing 92', 10: 'Stade Toulousain', 11: 'Perpignan', 12: 'Hurricanes', 13: 'Western Force', 14: 'Utah Warriors', 15: 'Old Glory DC', 16: 'Houston SaberCats'}","{0: '25958', 1: '25924', 2: '25953', 3: '25926', 4: '25923', 5: '25952', 6: '25921', 7: '143736', 8: '25918', 9: '99855', 10: '25922', 11: '25920', 12: '25939', 13: '25893', 14: '289278', 15: '289311', 16: '289273'}","{0: '599287', 1: '599289', 2: '599288', 3: '599290', 4: '599291', 5: '599292', 6: '599729', 7: '599726', 8: '599727', 9: '599728', 10: '599730', 11: '599731', 12: '600361', 13: '600362', 14: '602118', 15: '602119', 16: '602120'}"
"{0: 'Clermont Auvergne', 1: 'New England Free Jacks'}","{0: '25917', 1: '289310'}","{0: '270559', 1: '289262'}","{0: '20250302', 1: '20250302'}","{0: 'Bayonne', 1: 'Chicago Hounds'}","{0: '25912', 1: '289351'}","{0: '599725', 1: '602121'}"
"{0: 'Brumbies', 1: 'Chiefs', 2: 'Chicago Hounds'}","{0: '25889', 1: '25934', 2: '289351'}","{0: '242041', 1: '242041', 2: '289262'}","{0: '20250307', 1: '20250307', 2: '20250307'}","{0: 'Blues', 1: 'Fijian Drua', 2: 'Miami Sharks'}","{0: '25932', 1: '289338', 2: '289490'}","{0: '600363', 1: '600364', 2: '602124'}"
"{0: 'France', 1: 'Wales', 2: 'Lions', 3: 'Hurricanes', 4: 'Western Force', 5: 'Queensland Reds', 6: 'Anthem Rugby Carolina', 7: 'Houston SaberCats', 8: 'New England Free Jacks', 9: 'RFCLA', 10: 'Luxembourg'}","{0: '9', 1: '4', 2: '25958', 3: '25939', 4: '25893', 5: '182', 6: '289492', 7: '289273', 8: '289310', 9: '289312', 10: '289483'}","{0: '180659', 1: '180659', 2: '270557', 3: '242041', 4: '242041', 5: '242041', 6: '289262', 7: '289262', 8: '289262', 9: '289262', 10: '289234'}","{0: '20250308', 1: '20250308', 2: '20250308', 3: '20250308', 4: '20250308', 5: '20250308', 6: '20250308', 7: '20250308', 8: '20250308', 9: '20250308', 10: '20250308'}","{0: 'Ireland', 1: 'Scotland', 2: 'Sharks', 3: 'Moana Pasifika', 4: 'New South Wales Waratahs', 5: 'Crusaders', 6: 'Old Glory DC', 7: 'Utah Warriors', 8: 'Seattle Seawolves', 9: 'San Diego Legion', 10: 'Czech Republic'}","{0: '3', 1: '2', 2: '25961', 3: '289319', 4: '227', 5: '25936', 6: '289311', 7: '289278', 8: '289272', 9: '289277', 10: '289434'}","{0: '600259', 1: '600260', 2: '599199', 3: '600365', 4: '600366', 5: '600367', 6: '602122', 7: '602123', 8: '602125', 9: '602126', 10: '601215'}"
{0: 'Italy'},{0: '20'},{0: '180659'},{0: '20250309'},{0: 'England'},{0: '1'},{0: '600261'}
"{0: 'Hurricanes', 1: 'Fijian Drua', 2: 'Western Force'}","{0: '25939', 1: '289338', 2: '25893'}","{0: '242041', 1: '242041', 2: '242041'}","{0: '20250314', 1: '20250314', 2: '20250314'}","{0: 'Highlanders', 1: 'Brumbies', 2: 'Crusaders'}","{0: '25938', 1: '25889', 2: '25936'}","{0: '600368', 1: '600369', 2: '600370'}"
"{0: 'Ireland', 1: 'England', 2: 'Scotland', 3: 'Blues', 4: 'New South Wales Waratahs', 5: 'Old Glory DC', 6: 'Nola Gold', 7: 'Utah Warriors', 8: 'Seattle Seawolves'}","{0: '3', 1: '1', 2: '2', 3: '25932', 4: '227', 5: '289311', 6: '289270', 7: '289278', 8: '289272'}","{0: '180659', 1: '180659', 2: '180659', 3: '242041', 4: '242041', 5: '289262', 6: '289262', 7: '289262', 8: '289262'}","{0: '20250315', 1: '20250315', 2: '20250315', 3: '20250315', 4: '20250315', 5: '20250315', 6: '20250315', 7: '20250315', 8: '20250315'}","{0: 'Italy', 1: 'Wales', 2: 'France', 3: 'Chiefs', 4: 'Queensland Reds', 5: 'Chicago Hounds', 6: 'New England Free Jacks', 7: 'Miami Sharks', 8: 'RFCLA'}","{0: '20', 1: '4', 2: '9', 3: '25934', 4: '182', 5: '289351', 6: '289310', 7: '289490', 8: '289312'}","{0: '600262', 1: '600263', 2: '600264', 3: '600371', 4: '600372', 5: '602128', 6: '602127', 7: '602129', 8: '602130'}"
"{0: 'Sale Sharks', 1: 'Leicester Tigers', 2: 'Lions', 3: 'Munster', 4: 'Chiefs', 5: 'Queensland Reds'}","{0: '25908', 1: '25903', 2: '25958', 3: '25925', 4: '25934', 5: '182'}","{0: '267979', 1: '267979', 2: '270557', 3: '270557', 4: '242041', 5: '242041'}","{0: '20250321', 1: '20250321', 2: '20250321', 3: '20250321', 4: '20250321', 5: '20250321'}","{0: 'Newcastle Falcons', 1: 'Northampton Saints', 2: 'Cardiff Blues', 3: 'Glasgow Warriors', 4: 'Moana Pasifika', 5: 'Highlanders'}","{0: '25906', 1: '25907', 2: '25965', 3: '25952', 4: '289319', 5: '25938'}","{0: '599979', 1: '599980', 2: '599293', 3: '599294', 4: '600373', 5: '600374'}"
"{0: 'Harlequins', 1: 'Exeter Chiefs', 2: 'Zebre', 3: 'Edinburgh', 4: 'Leinster', 5: 'Stormers', 6: 'Ulster', 7: 'Connacht', 8: 'Castres Olympique', 9: 'Racing 92', 10: 'Vannes', 11: 'Montpellier Herault', 12: 'Bayonne', 13: 'Perpignan', 14: 'Crusaders', 15: 'Brumbies', 16: 'New England Free Jacks', 17: 'Houston SaberCats', 18: 'RFCLA', 19: 'Miami Sharks', 20: 'Utah Warriors'}","{0: '25901', 1: '116227', 2: '167124', 3: '25951', 4: '25924', 5: '25962', 6: '25926', 7: '25923', 8: '25916', 9: '99855', 10: '289337', 11: '25918', 12: '25912', 13: '25920', 14: '25936', 15: '25889', 16: '289310', 17: '289273', 18: '289312', 19: '289490', 20: '289278'}","{0: '267979', 1: '267979', 2: '270557', 3: '270557', 4: '270557', 5: '270557', 6: '270557', 7: '270557', 8: '270559', 9: '270559', 10: '270559', 11: '270559', 12: '270559', 13: '270559', 14: '242041', 15: '242041', 16: '289262', 17: '289262', 18: '289262', 19: '289262', 20: '289262'}","{0: '20250322', 1: '20250322', 2: '20250322', 3: '20250322', 4: '20250322', 5: '20250322', 6: '20250322', 7: '20250322', 8: '20250322', 9: '20250322', 10: '20250322', 11: '20250322', 12: '20250322', 13: '20250322', 14: '20250322', 15: '20250322', 16: '20250322', 17: '20250322', 18: '20250322', 19: '20250322', 20: '20250322'}","{0: 'Saracens', 1: 'Bristol Rugby', 2: 'Sharks', 3: 'Benetton Treviso', 4: 'Bulls', 5: 'Scarlets', 6: 'Dragons', 7: 'Ospreys', 8: 'La Rochelle', 9: 'Clermont Auvergne', 10: 'Lyon', 11: 'Pau', 12: 'Stade Francais Paris', 13: 'Toulon', 14: 'Blues', 15: 'New South Wales Waratahs', 16: 'Old Glory DC', 17: 'Anthem Rugby Carolina', 18: 'Nola Gold', 19: 'San Diego Legion', 20: 'Seattle Seawolves'}","{0: '25909', 1: '25899', 2: '25961', 3: '25927', 4: '25953', 5: '25966', 6: '25967', 7: '25968', 8: '119318', 9: '25917', 10: '143736', 11: '270567', 12: '25921', 13: '25986', 14: '25932', 15: '227', 16: '289311', 17: '289492', 18: '289270', 19: '289277', 20: '289272'}","{0: '599981', 1: '599978', 2: '599295', 3: '599296', 4: '599297', 5: '599300', 6: '599298', 7: '599299', 8: '599737', 9: '599732', 10: '599733', 11: '599735', 12: '599736', 13: '599734', 14: '600375', 15: '600376', 16: '602131', 17: '602132', 18: '602133', 19: '602134', 20: '602135'}"
"{0: 'Gloucester Rugby', 1: 'Stade Toulousain', 2: 'Fijian Drua'}","{0: '25900', 1: '25922', 2: '289338'}","{0: '267979', 1: '270559', 2: '242041'}","{0: '20250323', 1: '20250323', 2: '20250323'}","{0: 'Bath Rugby', 1: 'Bordeaux Begles', 2: 'Western Force'}","{0: '25898', 1: '143737', 2: '25893'}","{0: '599977', 1: '599738', 2: '600377'}"
"{0: 'Northampton Saints', 1: 'Stormers', 2: 'Dragons', 3: 'New South Wales Waratahs', 4: 'Highlanders'}","{0: '25907', 1: '25962', 2: '25967', 3: '227', 4: '25938'}","{0: '267979', 1: '270557', 2: '270557', 3: '242041', 4: '242041'}","{0: '20250328', 1: '20250328', 2: '20250328', 3: '20250328', 4: '20250328'}","{0: 'Sale Sharks', 1: 'Ulster', 2: 'Edinburgh', 3: 'Hurricanes', 4: 'Brumbies'}","{0: '25908', 1: '25926', 2: '25951', 3: '25939', 4: '25889'}","{0: '599986', 1: '599302', 2: '599303', 3: '600378', 4: '600379'}"
"{0: 'Newcastle Falcons', 1: 'Harlequins', 2: 'Bristol Rugby', 3: 'Zebre', 4: 'Munster', 5: 'Ospreys', 6: 'Leinster', 7: 'Cardiff Blues', 8: 'Lions', 9: 'Pau', 10: 'La Rochelle', 11: 'Lyon', 12: 'Stade Francais Paris', 13: 'Perpignan', 14: 'Toulon', 15: 'Moana Pasifika', 16: 'Western Force', 17: 'Old Glory DC', 18: 'Chicago Hounds', 19: 'San Diego Legion', 20: 'Anthem Rugby Carolina', 21: 'New England Free Jacks', 22: 'Czech Republic', 23: 'Sweden'}","{0: '25906', 1: '25901', 2: '25899', 3: '167124', 4: '25925', 5: '25968', 6: '25924', 7: '25965', 8: '25958', 9: '270567', 10: '119318', 11: '143736', 12: '25921', 13: '25920', 14: '25986', 15: '289319', 16: '25893', 17: '289311', 18: '289351', 19: '289277', 20: '289492', 21: '289310', 22: '289434', 23: '289441'}","{0: '267979', 1: '267979', 2: '267979', 3: '270557', 4: '270557', 5: '270557', 6: '270557', 7: '270557', 8: '270557', 9: '270559', 10: '270559', 11: '270559', 12: '270559', 13: '270559', 14: '270559', 15: '242041', 16: '242041', 17: '289262', 18: '289262', 19: '289262', 20: '289262', 21: '289262', 22: '289234', 23: '289234'}","{0: '20250329', 1: '20250329', 2: '20250329', 3: '20250329', 4: '20250329', 5: '20250329', 6: '20250329', 7: '20250329', 8: '20250329', 9: '20250329', 10: '20250329', 11: '20250329', 12: '20250329', 13: '20250329', 14: '20250329', 15: '20250329', 16: '20250329', 17: '20250329', 18: '20250329', 19: '20250329', 20: '20250329', 21: '20250329', 22: '20250329', 23: '20250329'}","{0: 'Exeter Chiefs', 1: 'Bath Rugby', 2: 'Gloucester Rugby', 3: 'Bulls', 4: 'Connacht', 5: 'Scarlets', 6: 'Sharks', 7: 'Benetton Treviso', 8: 'Glasgow Warriors', 9: 'Stade Toulousain', 10: 'Clermont Auvergne', 11: 'Bayonne', 12: 'Montpellier Herault', 13: 'Vannes', 14: 'Castres Olympique', 15: 'Crusaders', 16: 'Queensland Reds', 17: 'RFCLA', 18: 'Nola Gold', 19: 'Houston SaberCats', 20: 'Seattle Seawolves', 21: 'Utah Warriors', 22: 'Lithuania', 23: 'Luxembourg'}","{0: '116227', 1: '25898', 2: '25900', 3: '25953', 4: '25923', 5: '25966', 6: '25961', 7: '25927', 8: '25952', 9: '25922', 10: '25917', 11: '25912', 12: '25918', 13: '289337', 14: '25916', 15: '25936', 16: '182', 17: '289312', 18: '289270', 19: '289273', 20: '289272', 21: '289278', 22: '289442', 23: '289483'}","{0: '599983', 1: '599982', 2: '599984', 3: '599304', 4: '599301', 5: '599305', 6: '599306', 7: '599307', 8: '599308', 9: '599745', 10: '599739', 11: '599740', 12: '599742', 13: '599744', 14: '599741', 15: '600380', 16: '600381', 17: '602140', 18: '602137', 19: '602136', 20: '602138', 21: '602139', 22: '601216', 23: '601217'}"
"{0: 'Saracens', 1: 'Bordeaux Begles'}","{0: '25909', 1: '143737'}","{0: '267979', 1: '270559'}","{0: '20250330', 1: '20250330'}","{0: 'Leicester Tigers', 1: 'Racing 92'}","{0: '25903', 1: '99855'}","{0: '599985', 1: '599743'}"
"{0: 'Clermont Auvergne', 1: 'Lions', 2: 'Bath Rugby', 3: 'Queensland Reds', 4: 'New South Wales Waratahs', 5: 'Crusaders'}","{0: '25917', 1: '25958', 2: '25898', 3: '182', 4: '227', 5: '25936'}","{0: '271937', 1: '272073', 2: '272073', 3: '242041', 4: '242041', 5: '242041'}","{0: '20250404', 1: '20250404', 2: '20250404', 3: '20250404', 4: '20250404', 5: '20250404'}","{0: 'Northampton Saints', 1: 'Edinburgh', 2: 'Pau', 3: 'Chiefs', 4: 'Moana Pasifika', 5: 'Fijian Drua'}","{0: '25907', 1: '25951', 2: '270567', 3: '25934', 4: '289319', 5: '289338'}","{0: '599866', 1: '599894', 2: '599895', 3: '600382', 4: '600383', 5: '600384'}"
"{0: 'Saracens', 1: 'Benetton Treviso', 2: 'Harlequins', 3: 'Munster', 4: 'Leicester Tigers', 5: 'Bulls', 6: 'Gloucester Rugby', 7: 'Racing 92', 8: 'Cardiff Blues', 9: 'Hurricanes', 10: 'Highlanders', 11: 'Belgrano AC', 12: 'CASI', 13: 'San Luis', 14: 'Regatas Bella Vista', 15: 'SIC', 16: 'CUBA', 17: 'Seattle Seawolves', 18: 'Nola Gold', 19: 'RFCLA', 20: 'Chicago Hounds', 21: 'Andorra', 22: 'Kosovo', 23: 'Israel', 24: 'Poland'}","{0: '25909', 1: '25927', 2: '25901', 3: '25925', 4: '25903', 5: '25953', 6: '25900', 7: '99855', 8: '25965', 9: '25939', 10: '25938', 11: '6534', 12: '6455', 13: '6536', 14: '11935', 15: '6461', 16: '6537', 17: '289272', 18: '289270', 19: '289312', 20: '289351', 21: '289430', 22: '289549', 23: '289444', 24: '289361'}","{0: '271937', 1: '271937', 2: '271937', 3: '271937', 4: '271937', 5: '272073', 6: '272073', 7: '272073', 8: '272073', 9: '242041', 10: '242041', 11: '289279', 12: '289279', 13: '289279', 14: '289279', 15: '289279', 16: '289279', 17: '289262', 18: '289262', 19: '289262', 20: '289262', 21: '289234', 22: '289234', 23: '289234', 24: '289234'}","{0: '20250405', 1: '20250405', 2: '20250405', 3: '20250405', 4: '20250405', 5: '20250405', 6: '20250405', 7: '20250405', 8: '20250405', 9: '20250405', 10: '20250405', 11: '20250405', 12: '20250405', 13: '20250405', 14: '20250405', 15: '20250405', 16: '20250405', 17: '20250405', 18: '20250405', 19: '20250405', 20: '20250405', 21: '20250405', 22: '20250405', 23: '20250405', 24: '20250405'}","{0: 'Toulon', 1: 'Castres Olympique', 2: 'Leinster', 3: 'La Rochelle', 4: 'Glasgow Warriors', 5: 'Bayonne', 6: 'Montpellier Herault', 7: 'Perpignan', 8: 'Connacht', 9: 'Blues', 10: 'Western Force', 11: 'La Plata Rugby Club', 12: 'B.A.C.R.C.', 13: 'Hindú', 14: 'Newman', 15: 'Los Tilos', 16: 'Alumni', 17: 'Old Glory DC', 18: 'Anthem Rugby Carolina', 19: 'Houston SaberCats', 20: 'San Diego Legion', 21: 'Cyprus', 22: 'Bosnia-Herzegovina', 23: 'Malta', 24: 'Luxembourg'}","{0: '25986', 1: '25916', 2: '25924', 3: '119318', 4: '25952', 5: '25912', 6: '25918', 7: '25920', 8: '25923', 9: '25932', 10: '25893', 11: '289354', 12: '6481', 13: '6459', 14: '6453', 15: '6449', 16: '6447', 17: '289311', 18: '289492', 19: '289273', 20: '289277', 21: '289428', 22: '289425', 23: '289436', 24: '289483'}","{0: '599859', 1: '599865', 2: '602208', 3: '599861', 4: '599867', 5: '599893', 6: '599892', 7: '599889', 8: '599890', 9: '600385', 10: '600386', 11: '602292', 12: '602293', 13: '602294', 14: '602295', 15: '602296', 16: '602291', 17: '602141', 18: '602142', 19: '602143', 20: '602144', 21: '601220', 22: '601218', 23: '601219', 24: '601221'}"
"{0: 'Ulster', 1: 'Sale Sharks', 2: 'Sharks', 3: 'Scarlets', 4: 'Miami Sharks'}","{0: '25926', 1: '25908', 2: '25961', 3: '25966', 4: '289490'}","{0: '271937', 1: '271937', 2: '272073', 3: '272073', 4: '289262'}","{0: '20250406', 1: '20250406', 2: '20250406', 3: '20250406', 4: '20250406'}","{0: 'Bordeaux Begles', 1: 'Stade Toulousain', 2: 'Lyon', 3: 'Ospreys', 4: 'New England Free Jacks'}","{0: '143737', 1: '25922', 2: '143736', 3: '25968', 4: '289310'}","{0: '599862', 1: '599863', 2: '599891', 3: '599896', 4: '602145'}"
"{0: 'Glasgow Warriors', 1: 'Crusaders', 2: 'Chiefs'}","{0: '25952', 1: '25936', 2: '25934'}","{0: '271937', 1: '242041', 2: '242041'}","{0: '20250411', 1: '20250411', 2: '20250411'}","{0: 'Leinster', 1: 'Hurricanes', 2: 'New South Wales Waratahs'}","{0: '25924', 1: '25939', 2: '227'}","{0: '599871', 1: '600387', 2: '600388'}"
"{0: 'Munster', 1: 'Castres Olympique', 2: 'Bulls', 3: 'Lyon', 4: 'Racing 92', 5: 'Moana Pasifika', 6: 'Fijian Drua', 7: 'Brumbies', 8: 'Alumni', 9: 'Newman', 10: 'B.A.C.R.C.', 11: 'La Plata Rugby Club', 12: 'CUBA', 13: 'Hindú', 14: 'San Diego Legion', 15: 'Old Glory DC', 16: 'Houston SaberCats', 17: 'Utah Warriors', 18: 'Serbia', 19: 'Poland', 20: 'Ukraine'}","{0: '25925', 1: '25916', 2: '25953', 3: '143736', 4: '99855', 5: '289319', 6: '289338', 7: '25889', 8: '6447', 9: '6453', 10: '6481', 11: '289354', 12: '6537', 13: '6459', 14: '289277', 15: '289311', 16: '289273', 17: '289278', 18: '289431', 19: '289361', 20: '289440'}","{0: '271937', 1: '271937', 2: '272073', 3: '272073', 4: '272073', 5: '242041', 6: '242041', 7: '242041', 8: '289279', 9: '289279', 10: '289279', 11: '289279', 12: '289279', 13: '289279', 14: '289262', 15: '289262', 16: '289262', 17: '289262', 18: '289234', 19: '289234', 20: '289234'}","{0: '20250412', 1: '20250412', 2: '20250412', 3: '20250412', 4: '20250412', 5: '20250412', 6: '20250412', 7: '20250412', 8: '20250412', 9: '20250412', 10: '20250412', 11: '20250412', 12: '20250412', 13: '20250412', 14: '20250412', 15: '20250412', 16: '20250412', 17: '20250412', 18: '20250412', 19: '20250412', 20: '20250412'}","{0: 'Bordeaux Begles', 1: 'Northampton Saints', 2: 'Edinburgh', 3: 'Ospreys', 4: 'Connacht', 5: 'Blues', 6: 'Highlanders', 7: 'Queensland Reds', 8: 'Los Tilos', 9: 'SIC', 10: 'San Luis', 11: 'CASI', 12: 'Belgrano AC', 13: 'Regatas Bella Vista', 14: 'New England Free Jacks', 15: 'Nola Gold', 16: 'Miami Sharks', 17: 'RFCLA', 18: 'Turkey', 19: 'Sweden', 20: 'Hungary'}","{0: '143737', 1: '25907', 2: '25951', 3: '25968', 4: '25923', 5: '25932', 6: '25938', 7: '182', 8: '6449', 9: '6461', 10: '6536', 11: '6455', 12: '6534', 13: '11935', 14: '289310', 15: '289270', 16: '289490', 17: '289312', 18: '289426', 19: '289441', 20: '289433'}","{0: '599872', 1: '599868', 2: '599897', 3: '599900', 4: '599898', 5: '600389', 6: '600390', 7: '600391', 8: '602297', 9: '602298', 10: '602300', 11: '602301', 12: '602302', 13: '602299', 14: '602146', 15: '602148', 16: '602147', 17: '602149', 18: '601224', 19: '601222', 20: '601223'}"
"{0: 'Stade Toulousain', 1: 'Gloucester Rugby', 2: 'Anthem Rugby Carolina'}","{0: '25922', 1: '25900', 2: '289492'}","{0: '271937', 1: '272073', 2: '289262'}","{0: '20250413', 1: '20250413', 2: '20250413'}","{0: 'Toulon', 1: 'Bath Rugby', 2: 'Chicago Hounds'}","{0: '25986', 1: '25898', 2: '289351'}","{0: '599870', 1: '599899', 2: '602150'}"
"{0: 'Northampton Saints', 1: 'Sharks', 2: 'Blues', 3: 'New South Wales Waratahs', 4: 'New England Free Jacks', 5: 'Chicago Hounds', 6: 'Moldova'}","{0: '25907', 1: '25961', 2: '25932', 3: '227', 4: '289310', 5: '289351', 6: '289445'}","{0: '267979', 1: '270557', 2: '242041', 3: '242041', 4: '289262', 5: '289262', 6: '289234'}","{0: '20250418', 1: '20250418', 2: '20250418', 3: '20250418', 4: '20250418', 5: '20250418', 6: '20250418'}","{0: 'Newcastle Falcons', 1: 'Edinburgh', 2: 'Crusaders', 3: 'Fijian Drua', 4: 'Anthem Rugby Carolina', 5: 'Seattle Seawolves', 6: 'Bulgaria'}","{0: '25906', 1: '25951', 2: '25936', 3: '289338', 4: '289492', 5: '289272', 6: '289437'}","{0: '599990', 1: '599309', 2: '600392', 3: '600394', 4: '602151', 5: '602152', 6: '601227'}"
"{0: 'Bath Rugby', 1: 'Sale Sharks', 2: 'Gloucester Rugby', 3: 'Benetton Treviso', 4: 'Cardiff Blues', 5: 'Connacht', 6: 'Bulls', 7: 'Scarlets', 8: 'Ulster', 9: 'Glasgow Warriors', 10: 'Bordeaux Begles', 11: 'Vannes', 12: 'Montpellier Herault', 13: 'Bayonne', 14: 'Racing 92', 15: 'Clermont Auvergne', 16: 'Brumbies', 17: 'Highlanders', 18: 'Hurricanes', 19: 'Miami Sharks', 20: 'Nola Gold', 21: 'Utah Warriors', 22: 'Slovenia', 23: 'Sri Lanka', 24: 'Latvia'}","{0: '25898', 1: '25908', 2: '25900', 3: '25927', 4: '25965', 5: '25923', 6: '25953', 7: '25966', 8: '25926', 9: '25952', 10: '143737', 11: '289337', 12: '25918', 13: '25912', 14: '99855', 15: '25917', 16: '25889', 17: '25938', 18: '25939', 19: '289490', 20: '289270', 21: '289278', 22: '289427', 23: '289516', 24: '289448'}","{0: '267979', 1: '267979', 2: '267979', 3: '270557', 4: '270557', 5: '270557', 6: '270557', 7: '270557', 8: '270557', 9: '270557', 10: '270559', 11: '270559', 12: '270559', 13: '270559', 14: '270559', 15: '270559', 16: '242041', 17: '242041', 18: '242041', 19: '289262', 20: '289262', 21: '289262', 22: '289234', 23: '289234', 24: '289234'}","{0: '20250419', 1: '20250419', 2: '20250419', 3: '20250419', 4: '20250419', 5: '20250419', 6: '20250419', 7: '20250419', 8: '20250419', 9: '20250419', 10: '20250419', 11: '20250419', 12: '20250419', 13: '20250419', 14: '20250419', 15: '20250419', 16: '20250419', 17: '20250419', 18: '20250419', 19: '20250419', 20: '20250419', 21: '20250419', 22: '20250419', 23: '20250419', 24: '20250419'}","{0: 'Exeter Chiefs', 1: 'Harlequins', 2: 'Saracens', 3: 'Lions', 4: 'Ospreys', 5: 'Stormers', 6: 'Munster', 7: 'Dragons', 8: 'Leinster', 9: 'Zebre', 10: 'Pau', 11: 'Castres Olympique', 12: 'Lyon', 13: 'La Rochelle', 14: 'Perpignan', 15: 'Toulon', 16: 'Moana Pasifika', 17: 'Chiefs', 18: 'Western Force', 19: 'Old Glory DC', 20: 'Houston SaberCats', 21: 'San Diego Legion', 22: 'Montenegro', 23: 'Malaysia', 24: 'Denmark'}","{0: '116227', 1: '25901', 2: '25909', 3: '25958', 4: '25968', 5: '25962', 6: '25925', 7: '25967', 8: '25924', 9: '167124', 10: '270567', 11: '25916', 12: '143736', 13: '119318', 14: '25920', 15: '25986', 16: '289319', 17: '25934', 18: '25893', 19: '289311', 20: '289273', 21: '289277', 22: '289432', 23: '289455', 24: '289429'}","{0: '599988', 1: '599989', 2: '599991', 3: '599310', 4: '599311', 5: '599312', 6: '599313', 7: '599314', 8: '599315', 9: '599316', 10: '599749', 11: '599746', 12: '599747', 13: '599751', 14: '599752', 15: '599748', 16: '600393', 17: '600395', 18: '600396', 19: '602153', 20: '602154', 21: '602155', 22: '601225', 23: '602209', 24: '601226'}"
"{0: 'Leicester Tigers', 1: 'Stade Toulousain'}","{0: '25903', 1: '25922'}","{0: '267979', 1: '270559'}","{0: '20250420', 1: '20250420'}","{0: 'Bristol Rugby', 1: 'Stade Francais Paris'}","{0: '25899', 1: '25921'}","{0: '599987', 1: '599750'}"
{0: 'RFCLA'},{0: '289312'},{0: '289262'},{0: '20250422'},{0: 'New England Free Jacks'},{0: '289310'},{0: '602156'}
{0: 'Seattle Seawolves'},{0: '289272'},{0: '289262'},{0: '20250423'},{0: 'Anthem Rugby Carolina'},{0: '289492'},{0: '602157'}
"{0: 'Saracens', 1: 'Bulls', 2: 'Munster', 3: 'Edinburgh', 4: 'Western Force', 5: 'Blues', 6: 'Cyprus', 7: 'Austria'}","{0: '25909', 1: '25953', 2: '25925', 3: '25951', 4: '25893', 5: '25932', 6: '289428', 7: '289482'}","{0: '267979', 1: '270557', 2: '270557', 3: '270557', 4: '242041', 5: '242041', 6: '289234', 7: '289234'}","{0: '20250425', 1: '20250425', 2: '20250425', 3: '20250425', 4: '20250425', 5: '20250425', 6: '20250425', 7: '20250425'}","{0: 'Sale Sharks', 1: 'Glasgow Warriors', 2: 'Cardiff Blues', 3: 'Zebre', 4: 'Chiefs', 5: 'Queensland Reds', 6: 'Israel', 7: 'Ukraine'}","{0: '25908', 1: '25952', 2: '25965', 3: '167124', 4: '25934', 5: '182', 6: '289444', 7: '289440'}","{0: '599996', 1: '599317', 2: '599318', 3: '599324', 4: '600397', 5: '600398', 6: '601229', 7: '601230'}"
"{0: 'Newcastle Falcons', 1: 'Harlequins', 2: 'Bristol Rugby', 3: 'Castres Olympique', 4: 'Lyon', 5: 'Pau', 6: 'Perpignan', 7: 'Toulon', 8: 'La Rochelle', 9: 'Connacht', 10: 'Dragons', 11: 'Benetton Treviso', 12: 'Leinster', 13: 'Sharks', 14: 'Fijian Drua', 15: 'Crusaders', 16: 'Hurricanes', 17: 'Belgrano AC', 18: 'CASI', 19: 'San Luis', 20: 'Regatas Bella Vista', 21: 'SIC', 22: 'Los Tilos', 23: 'San Diego Legion', 24: 'Old Glory DC', 25: 'Chicago Hounds', 26: 'Bosnia-Herzegovina', 27: 'Finland', 28: 'Cayman Islands'}","{0: '25906', 1: '25901', 2: '25899', 3: '25916', 4: '143736', 5: '270567', 6: '25920', 7: '25986', 8: '119318', 9: '25923', 10: '25967', 11: '25927', 12: '25924', 13: '25961', 14: '289338', 15: '25936', 16: '25939', 17: '6534', 18: '6455', 19: '6536', 20: '11935', 21: '6461', 22: '6449', 23: '289277', 24: '289311', 25: '289351', 26: '289425', 27: '289435', 28: '289352'}","{0: '267979', 1: '267979', 2: '267979', 3: '270559', 4: '270559', 5: '270559', 6: '270559', 7: '270559', 8: '270559', 9: '270557', 10: '270557', 11: '270557', 12: '270557', 13: '270557', 14: '242041', 15: '242041', 16: '242041', 17: '289279', 18: '289279', 19: '289279', 20: '289279', 21: '289279', 22: '289279', 23: '289262', 24: '289262', 25: '289262', 26: '289234', 27: '289234', 28: '289234'}","{0: '20250426', 1: '20250426', 2: '20250426', 3: '20250426', 4: '20250426', 5: '20250426', 6: '20250426', 7: '20250426', 8: '20250426', 9: '20250426', 10: '20250426', 11: '20250426', 12: '20250426', 13: '20250426', 14: '20250426', 15: '20250426', 16: '20250426', 17: '20250426', 18: '20250426', 19: '20250426', 20: '20250426', 21: '20250426', 22: '20250426', 23: '20250426', 24: '20250426', 25: '20250426', 26: '20250426', 27: '20250426', 28: '20250426'}","{0: 'Bath Rugby', 1: 'Leicester Tigers', 2: 'Northampton Saints', 3: 'Stade Toulousain', 4: 'Clermont Auvergne', 5: 'Bayonne', 6: 'Montpellier Herault', 7: 'Vannes', 8: 'Bordeaux Begles', 9: 'Lions', 10: 'Ospreys', 11: 'Stormers', 12: 'Scarlets', 13: 'Ulster', 14: 'Moana Pasifika', 15: 'Highlanders', 16: 'Brumbies', 17: 'Alumni', 18: 'CUBA', 19: 'La Plata Rugby Club', 20: 'B.A.C.R.C.', 21: 'Hindú', 22: 'Newman', 23: 'RFCLA', 24: 'Houston SaberCats', 25: 'Utah Warriors', 26: 'Slovenia', 27: 'Latvia', 28: 'Guyana'}","{0: '25898', 1: '25903', 2: '25907', 3: '25922', 4: '25917', 5: '25912', 6: '25918', 7: '289337', 8: '143737', 9: '25958', 10: '25968', 11: '25962', 12: '25966', 13: '25926', 14: '289319', 15: '25938', 16: '25889', 17: '6447', 18: '6537', 19: '289354', 20: '6481', 21: '6459', 22: '6453', 23: '289312', 24: '289273', 25: '289278', 26: '289427', 27: '289448', 28: '289519'}","{0: '599992', 1: '599994', 2: '599995', 3: '599758', 4: '599753', 5: '599754', 6: '599755', 7: '599757', 8: '599759', 9: '599319', 10: '599320', 11: '599321', 12: '599322', 13: '599323', 14: '600399', 15: '600400', 16: '600401', 17: '602303', 18: '602304', 19: '602305', 20: '602306', 21: '602307', 22: '602308', 23: '602160', 24: '602158', 25: '602159', 26: '601228', 27: '601232', 28: '602432'}"
"{0: 'Exeter Chiefs', 1: 'Stade Francais Paris', 2: 'Seattle Seawolves', 3: 'Anthem Rugby Carolina'}","{0: '116227', 1: '25921', 2: '289272', 3: '289492'}","{0: '267979', 1: '270559', 2: '289262', 3: '289262'}","{0: '20250427', 1: '20250427', 2: '20250427', 3: '20250427'}","{0: 'Gloucester Rugby', 1: 'Racing 92', 2: 'Nola Gold', 3: 'Miami Sharks'}","{0: '25900', 1: '99855', 2: '289270', 3: '289490'}","{0: '599993', 1: '599756', 2: '602161', 3: '602162'}"
{0: 'San Diego Legion'},{0: '289277'},{0: '289262'},{0: '20250430'},{0: 'Utah Warriors'},{0: '289278'},{0: '602163'}
"{0: 'Western Force', 1: 'Queensland Reds', 2: 'RFCLA'}","{0: '25893', 1: '182', 2: '289312'}","{0: '242041', 1: '242041', 2: '289262'}","{0: '20250502', 1: '20250502', 2: '20250502'}","{0: 'Blues', 1: 'Fijian Drua', 2: 'Seattle Seawolves'}","{0: '25932', 1: '289338', 2: '289272'}","{0: '600402', 1: '600403', 2: '602164'}"
"{0: 'Northampton Saints', 1: 'Bath Rugby', 2: 'Chiefs', 3: 'New South Wales Waratahs', 4: 'Moana Pasifika', 5: 'Alumni', 6: 'Hindú', 7: 'B.A.C.R.C.', 8: 'La Plata Rugby Club', 9: 'CUBA', 10: 'Belgrano AC', 11: 'Norway', 12: 'Slovakia', 13: 'Jamaica'}","{0: '25907', 1: '25898', 2: '25934', 3: '227', 4: '289319', 5: '6447', 6: '6459', 7: '6481', 8: '289354', 9: '6537', 10: '6534', 11: '289438', 12: '289551', 13: '289521'}","{0: '271937', 1: '272073', 2: '242041', 3: '242041', 4: '242041', 5: '289279', 6: '289279', 7: '289279', 8: '289279', 9: '289279', 10: '289279', 11: '289234', 12: '289234', 13: '289234'}","{0: '20250503', 1: '20250503', 2: '20250503', 3: '20250503', 4: '20250503', 5: '20250503', 6: '20250503', 7: '20250503', 8: '20250503', 9: '20250503', 10: '20250503', 11: '20250503', 12: '20250503', 13: '20250503'}","{0: 'Leinster', 1: 'Edinburgh', 2: 'Hurricanes', 3: 'Brumbies', 4: 'Highlanders', 5: 'Newman', 6: 'Los Tilos', 7: 'SIC', 8: 'Regatas Bella Vista', 9: 'San Luis', 10: 'CASI', 11: 'Estonia', 12: 'Austria', 13: 'Mexico'}","{0: '25924', 1: '25951', 2: '25939', 3: '25889', 4: '25938', 5: '6453', 6: '6449', 7: '6461', 8: '11935', 9: '6536', 10: '6455', 11: '289550', 12: '289482', 13: '289353'}","{0: '599873', 1: '599901', 2: '600404', 3: '600405', 4: '600406', 5: '602309', 6: '602310', 7: '602311', 8: '602312', 9: '602313', 10: '602314', 11: '601231', 12: '601233', 13: '602489'}"
"{0: 'Stade Toulousain', 1: 'Racing 92', 2: 'Houston SaberCats', 3: 'Utah Warriors', 4: 'Miami Sharks', 5: 'Nola Gold'}","{0: '25922', 1: '99855', 2: '289273', 3: '289278', 4: '289490', 5: '289270'}","{0: '271937', 1: '272073', 2: '289262', 3: '289262', 4: '289262', 5: '289262'}","{0: '20250504', 1: '20250504', 2: '20250504', 3: '20250504', 4: '20250504', 5: '20250504'}","{0: 'Bordeaux Begles', 1: 'Lyon', 2: 'New England Free Jacks', 3: 'Old Glory DC', 4: 'Chicago Hounds', 5: 'San Diego Legion'}","{0: '143737', 1: '143736', 2: '289310', 3: '289311', 4: '289351', 5: '289277'}","{0: '599875', 1: '599902', 2: '602165', 3: '602166', 4: '602167', 5: '602168'}"
"{0: 'Sale Sharks', 1: 'Ospreys', 2: 'Ulster', 3: 'Blues', 4: 'Queensland Reds', 5: 'Miami Sharks'}","{0: '25908', 1: '25968', 2: '25926', 3: '25932', 4: '182', 5: '289490'}","{0: '267979', 1: '270557', 2: '270557', 3: '242041', 4: '242041', 5: '289262'}","{0: '20250509', 1: '20250509', 2: '20250509', 3: '20250509', 4: '20250509', 5: '20250509'}","{0: 'Leicester Tigers', 1: 'Sharks', 2: 'Munster', 3: 'Fijian Drua', 4: 'New South Wales Waratahs', 5: 'Nola Gold'}","{0: '25903', 1: '25961', 2: '25925', 3: '289338', 4: '227', 5: '289270'}","{0: '600000', 1: '599325', 2: '599326', 3: '600407', 4: '600408', 5: '602169'}"
"{0: 'Newcastle Falcons', 1: 'Bath Rugby', 2: 'Gloucester Rugby', 3: 'Cardiff Blues', 4: 'Dragons', 5: 'Zebre', 6: 'Glasgow Warriors', 7: 'Edinburgh', 8: 'Pau', 9: 'Bayonne', 10: 'La Rochelle', 11: 'Stade Francais Paris', 12: 'Stade Toulousain', 13: 'Chiefs', 14: 'Brumbies', 15: 'CASI', 16: 'San Luis', 17: 'Regatas Bella Vista', 18: 'SIC', 19: 'Los Tilos', 20: 'Newman', 21: 'Chicago Hounds', 22: 'Houston SaberCats', 23: 'Anthem Rugby Carolina', 24: 'Finland', 25: 'Bulgaria', 26: 'Denmark'}","{0: '25906', 1: '25898', 2: '25900', 3: '25965', 4: '25967', 5: '167124', 6: '25952', 7: '25951', 8: '270567', 9: '25912', 10: '119318', 11: '25921', 12: '25922', 13: '25934', 14: '25889', 15: '6455', 16: '6536', 17: '11935', 18: '6461', 19: '6449', 20: '6453', 21: '289351', 22: '289273', 23: '289492', 24: '289435', 25: '289437', 26: '289429'}","{0: '267979', 1: '267979', 2: '267979', 3: '270557', 4: '270557', 5: '270557', 6: '270557', 7: '270557', 8: '270559', 9: '270559', 10: '270559', 11: '270559', 12: '270559', 13: '242041', 14: '242041', 15: '289279', 16: '289279', 17: '289279', 18: '289279', 19: '289279', 20: '289279', 21: '289262', 22: '289262', 23: '289262', 24: '289234', 25: '289234', 26: '289234'}","{0: '20250510', 1: '20250510', 2: '20250510', 3: '20250510', 4: '20250510', 5: '20250510', 6: '20250510', 7: '20250510', 8: '20250510', 9: '20250510', 10: '20250510', 11: '20250510', 12: '20250510', 13: '20250510', 14: '20250510', 15: '20250510', 16: '20250510', 17: '20250510', 18: '20250510', 19: '20250510', 20: '20250510', 21: '20250510', 22: '20250510', 23: '20250510', 24: '20250510', 25: '20250510', 26: '20250510'}","{0: 'Saracens', 1: 'Bristol Rugby', 2: 'Harlequins', 3: 'Bulls', 4: 'Stormers', 5: 'Leinster', 6: 'Benetton Treviso', 7: 'Connacht', 8: 'Lyon', 9: 'Racing 92', 10: 'Vannes', 11: 'Perpignan', 12: 'Toulon', 13: 'Crusaders', 14: 'Western Force', 15: 'Alumni', 16: 'Belgrano AC', 17: 'CUBA', 18: 'La Plata Rugby Club', 19: 'B.A.C.R.C.', 20: 'Hindú', 21: 'New England Free Jacks', 22: 'San Diego Legion', 23: 'RFCLA', 24: 'Estonia', 25: 'Serbia', 26: 'Norway'}","{0: '25909', 1: '25899', 2: '25901', 3: '25953', 4: '25962', 5: '25924', 6: '25927', 7: '25923', 8: '143736', 9: '99855', 10: '289337', 11: '25920', 12: '25986', 13: '25936', 14: '25893', 15: '6447', 16: '6534', 17: '6537', 18: '289354', 19: '6481', 20: '6459', 21: '289310', 22: '289277', 23: '289312', 24: '289550', 25: '289431', 26: '289438'}","{0: '600001', 1: '599997', 2: '599999', 3: '599327', 4: '599328', 5: '599329', 6: '599330', 7: '599331', 8: '599761', 9: '599763', 10: '599765', 11: '599766', 12: '599764', 13: '600409', 14: '600410', 15: '602315', 16: '602316', 17: '602317', 18: '602318', 19: '602319', 20: '602320', 21: '602170', 22: '602171', 23: '602172', 24: '601234', 25: '601235', 26: '601236'}"
"{0: 'Northampton Saints', 1: 'Scarlets', 2: 'Bordeaux Begles'}","{0: '25907', 1: '25966', 2: '143737'}","{0: '267979', 1: '270557', 2: '270559'}","{0: '20250511', 1: '20250511', 2: '20250511'}","{0: 'Exeter Chiefs', 1: 'Lions', 2: 'Montpellier Herault'}","{0: '116227', 1: '25958', 2: '25918'}","{0: '599998', 1: '599332', 2: '599762'}"
{0: 'Seattle Seawolves'},{0: '289272'},{0: '289262'},{0: '20250512'},{0: 'Utah Warriors'},{0: '289278'},{0: '602173'}
{0: 'Nola Gold'},{0: '289270'},{0: '289262'},{0: '20250513'},{0: 'Old Glory DC'},{0: '289311'},{0: '602174'}
"{0: 'Gloucester Rugby', 1: 'Bristol Rugby', 2: 'Cardiff Blues', 3: 'Ulster', 4: 'Benetton Treviso', 5: 'Highlanders', 6: 'Crusaders', 7: 'Western Force', 8: 'New England Free Jacks', 9: 'Bermuda'}","{0: '25900', 1: '25899', 2: '25965', 3: '25926', 4: '25927', 5: '25938', 6: '25936', 7: '25893', 8: '289310', 9: '289520'}","{0: '267979', 1: '267979', 2: '270557', 3: '270557', 4: '270557', 5: '242041', 6: '242041', 7: '242041', 8: '289262', 9: '289234'}","{0: '20250516', 1: '20250516', 2: '20250516', 3: '20250516', 4: '20250516', 5: '20250516', 6: '20250516', 7: '20250516', 8: '20250516', 9: '20250516'}","{0: 'Newcastle Falcons', 1: 'Sale Sharks', 2: 'Stormers', 3: 'Edinburgh', 4: 'Munster', 5: 'Hurricanes', 6: 'New South Wales Waratahs', 7: 'Fijian Drua', 8: 'Miami Sharks', 9: 'Bahamas'}","{0: '25906', 1: '25908', 2: '25962', 3: '25951', 4: '25925', 5: '25939', 6: '227', 7: '289338', 8: '289490', 9: '289523'}","{0: '600004', 1: '600006', 2: '599333', 3: '599334', 4: '599335', 5: '600411', 6: '600412', 7: '600413', 8: '602175', 9: '602433'}"
"{0: 'Saracens', 1: 'Leicester Tigers', 2: 'Castres Olympique', 3: 'Perpignan', 4: 'Vannes', 5: 'Toulon', 6: 'Lyon', 7: 'Racing 92', 8: 'Dragons', 9: 'Ospreys', 10: 'Connacht', 11: 'Scarlets', 12: 'Glasgow Warriors', 13: 'Blues', 14: 'Queensland Reds', 15: 'Guyana', 16: 'Utah Warriors', 17: 'San Diego Legion'}","{0: '25909', 1: '25903', 2: '25916', 3: '25920', 4: '289337', 5: '25986', 6: '143736', 7: '99855', 8: '25967', 9: '25968', 10: '25923', 11: '25966', 12: '25952', 13: '25932', 14: '182', 15: '289519', 16: '289278', 17: '289277'}","{0: '267979', 1: '267979', 2: '270559', 3: '270559', 4: '270559', 5: '270559', 6: '270559', 7: '270559', 8: '270557', 9: '270557', 10: '270557', 11: '270557', 12: '270557', 13: '242041', 14: '242041', 15: '289234', 16: '289262', 17: '289262'}","{0: '20250517', 1: '20250517', 2: '20250517', 3: '20250517', 4: '20250517', 5: '20250517', 6: '20250517', 7: '20250517', 8: '20250517', 9: '20250517', 10: '20250517', 11: '20250517', 12: '20250517', 13: '20250517', 14: '20250517', 15: '20250517', 16: '20250517', 17: '20250517'}","{0: 'Northampton Saints', 1: 'Bath Rugby', 2: 'Bordeaux Begles', 3: 'Clermont Auvergne', 4: 'Bayonne', 5: 'Pau', 6: 'Stade Francais Paris', 7: 'Stade Toulousain', 8: 'Bulls', 9: 'Lions', 10: 'Zebre', 11: 'Sharks', 12: 'Leinster', 13: 'Moana Pasifika', 14: 'Brumbies', 15: 'Barbados', 16: 'Houston SaberCats', 17: 'Seattle Seawolves'}","{0: '25907', 1: '25898', 2: '143737', 3: '25917', 4: '25912', 5: '270567', 6: '25921', 7: '25922', 8: '25953', 9: '25958', 10: '167124', 11: '25961', 12: '25924', 13: '289319', 14: '25889', 15: '289453', 16: '289273', 17: '289272'}","{0: '600005', 1: '600002', 2: '599773', 3: '599767', 4: '599768', 5: '599769', 6: '599770', 7: '599772', 8: '599336', 9: '599337', 10: '599338', 11: '599339', 12: '599340', 13: '600414', 14: '600415', 15: '602434', 16: '602176', 17: '602177'}"
"{0: 'Exeter Chiefs', 1: 'Montpellier Herault', 2: 'Old Glory DC'}","{0: '116227', 1: '25918', 2: '289311'}","{0: '267979', 1: '270559', 2: '289262'}","{0: '20250518', 1: '20250518', 2: '20250518'}","{0: 'Harlequins', 1: 'La Rochelle', 2: 'Anthem Rugby Carolina'}","{0: '25901', 1: '119318', 2: '289492'}","{0: '600003', 1: '599771', 2: '602178'}"
{0: 'RFCLA'},{0: '289312'},{0: '289262'},{0: '20250519'},{0: 'Chicago Hounds'},{0: '289351'},{0: '602179'}
"{0: 'Lyon', 1: 'Highlanders', 2: 'Hurricanes', 3: 'Houston SaberCats'}","{0: '143736', 1: '25938', 2: '25939', 3: '289273'}","{0: '272073', 1: '242041', 2: '242041', 3: '289262'}","{0: '20250523', 1: '20250523', 2: '20250523', 3: '20250523'}","{0: 'Bath Rugby', 1: 'Crusaders', 2: 'Queensland Reds', 3: 'Seattle Seawolves'}","{0: '25898', 1: '25936', 2: '182', 3: '289272'}","{0: '599903', 1: '600416', 2: '600417', 3: '602181'}"
"{0: 'Bordeaux Begles', 1: 'Clermont Auvergne', 2: 'Moana Pasifika', 3: 'New South Wales Waratahs', 4: 'Alumni', 5: 'B.A.C.R.C.', 6: 'La Plata Rugby Club', 7: 'Belgrano AC', 8: 'CASI', 9: 'CUBA', 10: 'Old Glory DC', 11: 'Chicago Hounds', 12: 'Utah Warriors', 13: 'Moldova'}","{0: '143737', 1: '25917', 2: '289319', 3: '227', 4: '6447', 5: '6481', 6: '289354', 7: '6534', 8: '6455', 9: '6537', 10: '289311', 11: '289351', 12: '289278', 13: '289445'}","{0: '271937', 1: '270559', 2: '242041', 3: '242041', 4: '289279', 5: '289279', 6: '289279', 7: '289279', 8: '289279', 9: '289279', 10: '289262', 11: '289262', 12: '289262', 13: '289234'}","{0: '20250524', 1: '20250524', 2: '20250524', 3: '20250524', 4: '20250524', 5: '20250524', 6: '20250524', 7: '20250524', 8: '20250524', 9: '20250524', 10: '20250524', 11: '20250524', 12: '20250524', 13: '20250524'}","{0: 'Northampton Saints', 1: 'Castres Olympique', 2: 'Chiefs', 3: 'Western Force', 4: 'Hindú', 5: 'Newman', 6: 'Los Tilos', 7: 'Regatas Bella Vista', 8: 'San Luis', 9: 'SIC', 10: 'New England Free Jacks', 11: 'Anthem Rugby Carolina', 12: 'Nola Gold', 13: 'Denmark'}","{0: '25907', 1: '25916', 2: '25934', 3: '25893', 4: '6459', 5: '6453', 6: '6449', 7: '11935', 8: '6536', 9: '6461', 10: '289310', 11: '289492', 12: '289270', 13: '289429'}","{0: '599876', 1: '599760', 2: '600418', 3: '600419', 4: '602321', 5: '602322', 6: '602323', 7: '602325', 8: '602326', 9: '602324', 10: '602182', 11: '602183', 12: '602184', 13: '602501'}"
{0: 'Miami Sharks'},{0: '289490'},{0: '289262'},{0: '20250525'},{0: 'RFCLA'},{0: '289312'},{0: '602180'}
"{0: 'Stormers', 1: 'Chiefs', 2: 'Crusaders', 3: 'San Diego Legion', 4: 'Anthem Rugby Carolina'}","{0: '25962', 1: '25934', 2: '25936', 3: '289277', 4: '289492'}","{0: '270557', 1: '242041', 2: '242041', 3: '289262', 4: '289262'}","{0: '20250530', 1: '20250530', 2: '20250530', 3: '20250530', 4: '20250530'}","{0: 'Glasgow Warriors', 1: 'Highlanders', 2: 'Brumbies', 3: 'Miami Sharks', 4: 'Utah Warriors'}","{0: '25952', 1: '25938', 2: '25889', 3: '289490', 4: '289278'}","{0: '599341', 1: '600420', 2: '600421', 3: '602186', 4: '602188'}"
"{0: 'Harlequins', 1: 'Sale Sharks', 2: 'Northampton Saints', 3: 'Newcastle Falcons', 4: 'Bath Rugby', 5: 'Edinburgh', 6: 'Scarlets', 7: 'Munster', 8: 'Stade Francais Paris', 9: 'Bayonne', 10: 'Montpellier Herault', 11: 'Pau', 12: 'Perpignan', 13: 'New South Wales Waratahs', 14: 'Moana Pasifika', 15: 'Fijian Drua', 16: 'San Luis', 17: 'Regatas Bella Vista', 18: 'SIC', 19: 'Los Tilos', 20: 'Hindú', 21: 'Newman', 22: 'RFCLA', 23: 'Nola Gold', 24: 'Barbados'}","{0: '25901', 1: '25908', 2: '25907', 3: '25906', 4: '25898', 5: '25951', 6: '25966', 7: '25925', 8: '25921', 9: '25912', 10: '25918', 11: '270567', 12: '25920', 13: '227', 14: '289319', 15: '289338', 16: '6536', 17: '11935', 18: '6461', 19: '6449', 20: '6459', 21: '6453', 22: '289312', 23: '289270', 24: '289453'}","{0: '267979', 1: '267979', 2: '267979', 3: '267979', 4: '267979', 5: '270557', 6: '270557', 7: '270557', 8: '270559', 9: '270559', 10: '270559', 11: '270559', 12: '270559', 13: '242041', 14: '242041', 15: '242041', 16: '289279', 17: '289279', 18: '289279', 19: '289279', 20: '289279', 21: '289279', 22: '289262', 23: '289262', 24: '289234'}","{0: '20250531', 1: '20250531', 2: '20250531', 3: '20250531', 4: '20250531', 5: '20250531', 6: '20250531', 7: '20250531', 8: '20250531', 9: '20250531', 10: '20250531', 11: '20250531', 12: '20250531', 13: '20250531', 14: '20250531', 15: '20250531', 16: '20250531', 17: '20250531', 18: '20250531', 19: '20250531', 20: '20250531', 21: '20250531', 22: '20250531', 23: '20250531', 24: '20250531'}","{0: 'Bristol Rugby', 1: 'Exeter Chiefs', 2: 'Gloucester Rugby', 3: 'Leicester Tigers', 4: 'Saracens', 5: 'Bulls', 6: 'Leinster', 7: 'Sharks', 8: 'Clermont Auvergne', 9: 'Castres Olympique', 10: 'Racing 92', 11: 'Vannes', 12: 'La Rochelle', 13: 'Blues', 14: 'Hurricanes', 15: 'Queensland Reds', 16: 'Alumni', 17: 'CASI', 18: 'Belgrano AC', 19: 'CUBA', 20: 'B.A.C.R.C.', 21: 'La Plata Rugby Club', 22: 'Old Glory DC', 23: 'Chicago Hounds', 24: 'Trinidad and Tobago'}","{0: '25899', 1: '116227', 2: '25900', 3: '25903', 4: '25909', 5: '25953', 6: '25924', 7: '25961', 8: '25917', 9: '25916', 10: '99855', 11: '289337', 12: '119318', 13: '25932', 14: '25939', 15: '182', 16: '6447', 17: '6455', 18: '6534', 19: '6537', 20: '6481', 21: '289354', 22: '289311', 23: '289351', 24: '289452'}","{0: '600007', 1: '600008', 2: '600009', 3: '600010', 4: '600011', 5: '599342', 6: '599343', 7: '599344', 8: '599774', 9: '599775', 10: '599776', 11: '599778', 12: '599779', 13: '600422', 14: '600423', 15: '600424', 16: '602327', 17: '602328', 18: '602329', 19: '602330', 20: '602332', 21: '602331', 22: '602185', 23: '602187', 24: '602490'}"
"{0: 'Lyon', 1: 'Bordeaux Begles', 2: 'Seattle Seawolves'}","{0: '143736', 1: '143737', 2: '289272'}","{0: '270559', 1: '270559', 2: '289262'}","{0: '20250601', 1: '20250601', 2: '20250601'}","{0: 'Stade Toulousain', 1: 'Toulon', 2: 'New England Free Jacks'}","{0: '25922', 1: '25986', 2: '289310'}","{0: '599780', 1: '599777', 2: '602189'}"
{0: 'Houston SaberCats'},{0: '289273'},{0: '289262'},{0: '20250604'},{0: 'Chicago Hounds'},{0: '289351'},{0: '602190'}
"{0: 'Bristol Rugby', 1: 'Queensland Reds'}","{0: '25899', 1: '182'}","{0: '267979', 1: '242041'}","{0: '20250606', 1: '20250606'}","{0: 'Bath Rugby', 1: 'Crusaders'}","{0: '25898', 1: '25936'}","{0: '600012', 1: '602427'}"
"{0: 'Sale Sharks', 1: 'Glasgow Warriors', 2: 'Sharks', 3: 'Toulon', 4: 'Racing 92', 5: 'Clermont Auvergne', 6: 'La Rochelle', 7: 'Castres Olympique', 8: 'Vannes', 9: 'Stade Toulousain', 10: 'Blues', 11: 'Hurricanes', 12: 'Alumni', 13: 'La Plata Rugby Club', 14: 'CUBA', 15: 'CASI', 16: 'San Luis', 17: 'Belgrano AC', 18: 'New England Free Jacks', 19: 'RFCLA', 20: 'Old Glory DC'}","{0: '25908', 1: '25952', 2: '25961', 3: '25986', 4: '99855', 5: '25917', 6: '119318', 7: '25916', 8: '289337', 9: '25922', 10: '25932', 11: '25939', 12: '6447', 13: '289354', 14: '6537', 15: '6455', 16: '6536', 17: '6534', 18: '289310', 19: '289312', 20: '289311'}","{0: '267979', 1: '270557', 2: '270557', 3: '270559', 4: '270559', 5: '270559', 6: '270559', 7: '270559', 8: '270559', 9: '270559', 10: '242041', 11: '242041', 12: '289279', 13: '289279', 14: '289279', 15: '289279', 16: '289279', 17: '289279', 18: '289262', 19: '289262', 20: '289262'}","{0: '20250607', 1: '20250607', 2: '20250607', 3: '20250607', 4: '20250607', 5: '20250607', 6: '20250607', 7: '20250607', 8: '20250607', 9: '20250607', 10: '20250607', 11: '20250607', 12: '20250607', 13: '20250607', 14: '20250607', 15: '20250607', 16: '20250607', 17: '20250607', 18: '20250607', 19: '20250607', 20: '20250607'}","{0: 'Leicester Tigers', 1: 'Leinster', 2: 'Bulls', 3: 'Bayonne', 4: 'Lyon', 5: 'Montpellier Herault', 6: 'Pau', 7: 'Stade Francais Paris', 8: 'Bordeaux Begles', 9: 'Perpignan', 10: 'Chiefs', 11: 'Brumbies', 12: 'B.A.C.R.C.', 13: 'Hindú', 14: 'Newman', 15: 'SIC', 16: 'Regatas Bella Vista', 17: 'Los Tilos', 18: 'Nola Gold', 19: 'Utah Warriors', 20: 'San Diego Legion'}","{0: '25903', 1: '25924', 2: '25953', 3: '25912', 4: '143736', 5: '25918', 6: '270567', 7: '25921', 8: '143737', 9: '25920', 10: '25934', 11: '25889', 12: '6481', 13: '6459', 14: '6453', 15: '6461', 16: '11935', 17: '6449', 18: '289270', 19: '289278', 20: '289277'}","{0: '600013', 1: '599345', 2: '599346', 3: '599781', 4: '599782', 5: '599783', 6: '599784', 7: '599785', 8: '599786', 9: '599787', 10: '602426', 11: '602428', 12: '602333', 13: '602334', 14: '602335', 15: '602337', 16: '602338', 17: '602336', 18: '602191', 19: '602192', 20: '602193'}"
"{0: 'Anthem Rugby Carolina', 1: 'Miami Sharks'}","{0: '289492', 1: '289490'}","{0: '289262', 1: '289262'}","{0: '20250608', 1: '20250608'}","{0: 'Houston SaberCats', 1: 'Seattle Seawolves'}","{0: '289273', 1: '289272'}","{0: '602194', 1: '602195'}"
"{0: 'Clermont Auvergne', 1: 'Blues', 2: 'Bermuda'}","{0: '25917', 1: '25932', 2: '289520'}","{0: '270559', 1: '242041', 2: '289234'}","{0: '20250613', 1: '20250613', 2: '20250613'}","{0: 'Bayonne', 1: 'Crusaders', 2: 'Cayman Islands'}","{0: '25912', 1: '25936', 2: '289352'}","{0: '599788', 1: '602429', 2: '602435'}"
"{0: 'Leicester Tigers', 1: 'Bulls', 2: 'Castres Olympique', 3: 'Brumbies', 4: 'SIC', 5: 'Los Tilos', 6: 'Newman', 7: 'Hindú', 8: 'B.A.C.R.C.', 9: 'Regatas Bella Vista', 10: 'Old Glory DC', 11: 'Seattle Seawolves'}","{0: '25903', 1: '25953', 2: '25916', 3: '25889', 4: '6461', 5: '6449', 6: '6453', 7: '6459', 8: '6481', 9: '11935', 10: '289311', 11: '289272'}","{0: '267979', 1: '270557', 2: '270559', 3: '242041', 4: '289279', 5: '289279', 6: '289279', 7: '289279', 8: '289279', 9: '289279', 10: '289262', 11: '289262'}","{0: '20250614', 1: '20250614', 2: '20250614', 3: '20250614', 4: '20250614', 5: '20250614', 6: '20250614', 7: '20250614', 8: '20250614', 9: '20250614', 10: '20250614', 11: '20250614'}","{0: 'Bath Rugby', 1: 'Leinster', 2: 'Toulon', 3: 'Chiefs', 4: 'San Luis', 5: 'CASI', 6: 'Belgrano AC', 7: 'CUBA', 8: 'La Plata Rugby Club', 9: 'Alumni', 10: 'Chicago Hounds', 11: 'Utah Warriors'}","{0: '25898', 1: '25924', 2: '25986', 3: '25934', 4: '6536', 5: '6455', 6: '6534', 7: '6537', 8: '289354', 9: '6447', 10: '289351', 11: '289278'}","{0: '600014', 1: '599347', 2: '599789', 3: '602430', 4: '602340', 5: '602341', 6: '602342', 7: '602343', 8: '602344', 9: '602339', 10: '602495', 11: '602494'}"
{0: 'Miami Sharks'},{0: '289490'},{0: '289262'},{0: '20250615'},{0: 'New England Free Jacks'},{0: '289310'},{0: '602497'}
{0: 'RFCLA'},{0: '289312'},{0: '289262'},{0: '20250616'},{0: 'Houston SaberCats'},{0: '289273'},{0: '602496'}
"{0: 'Argentina', 1: 'Bayonne'}","{0: '10', 1: '25912'}","{0: '268565', 1: '270559'}","{0: '20250620', 1: '20250620'}","{0: 'British and Irish Lions', 1: 'Stade Toulousain'}","{0: '32', 1: '25922'}","{0: '602527', 1: '599790'}"
"{0: 'Toulon', 1: 'Chiefs', 2: 'Alumni', 3: 'CUBA', 4: 'Belgrano AC', 5: 'CASI', 6: 'San Luis', 7: 'Regatas Bella Vista', 8: 'Chicago Hounds', 9: 'Houston SaberCats', 10: 'Trinidad and Tobago'}","{0: '25986', 1: '25934', 2: '6447', 3: '6537', 4: '6534', 5: '6455', 6: '6536', 7: '11935', 8: '289351', 9: '289273', 10: '289452'}","{0: '270559', 1: '242041', 2: '289279', 3: '289279', 4: '289279', 5: '289279', 6: '289279', 7: '289279', 8: '289262', 9: '289262', 10: '289234'}","{0: '20250621', 1: '20250621', 2: '20250621', 3: '20250621', 4: '20250621', 5: '20250621', 6: '20250621', 7: '20250621', 8: '20250621', 9: '20250621', 10: '20250621'}","{0: 'Bordeaux Begles', 1: 'Crusaders', 2: 'La Plata Rugby Club', 3: 'B.A.C.R.C.', 4: 'Hindú', 5: 'Newman', 6: 'Los Tilos', 7: 'SIC', 8: 'New England Free Jacks', 9: 'Utah Warriors', 10: 'Mexico'}","{0: '143737', 1: '25936', 2: '289354', 3: '6481', 4: '6459', 5: '6453', 6: '6449', 7: '6461', 8: '289310', 9: '289278', 10: '289353'}","{0: '599791', 1: '602431', 2: '602345', 3: '602346', 4: '602347', 5: '602348', 6: '602349', 7: '602350', 8: '602499', 9: '602498', 10: '602517'}"
{0: 'Italy'},{0: '20'},{0: '289234'},{0: '20250627'},{0: 'Namibia'},{0: '82'},{0: '602492'}
"{0: 'British and Irish Lions', 1: 'Bordeaux Begles', 2: 'SIC', 3: 'Newman', 4: 'Hindú', 5: 'B.A.C.R.C.', 6: 'La Plata Rugby Club', 7: 'Los Tilos', 8: 'Houston SaberCats'}","{0: '32', 1: '143737', 2: '6461', 3: '6453', 4: '6459', 5: '6481', 6: '289354', 7: '6449', 8: '289273'}","{0: '268565', 1: '270559', 2: '289279', 3: '289279', 4: '289279', 5: '289279', 6: '289279', 7: '289279', 8: '289262'}","{0: '20250628', 1: '20250628', 2: '20250628', 3: '20250628', 4: '20250628', 5: '20250628', 6: '20250628', 7: '20250628', 8: '20250628'}","{0: 'Western Force', 1: 'Stade Toulousain', 2: 'Alumni', 3: 'San Luis', 4: 'CASI', 5: 'Belgrano AC', 6: 'CUBA', 7: 'Regatas Bella Vista', 8: 'New England Free Jacks'}","{0: '25893', 1: '25922', 2: '6447', 3: '6536', 4: '6455', 5: '6534', 6: '6537', 7: '11935', 8: '289310'}","{0: '602518', 1: '599792', 2: '602351', 3: '602353', 4: '602354', 5: '602355', 6: '602356', 7: '602352', 8: '602500'}"
{0: 'British and Irish Lions'},{0: '32'},{0: '268565'},{0: '20250702'},{0: 'Queensland Reds'},{0: '182'},{0: '602519'}
"{0: 'British and Irish Lions', 1: 'Wales', 2: 'France', 3: 'Italy', 4: 'Ireland', 5: 'Romania', 6: 'England', 7: 'Belgium', 8: 'Fiji'}","{0: '32', 1: '4', 2: '9', 3: '20', 4: '3', 5: '12', 6: '1', 7: '289267', 8: '14'}","{0: '268565', 1: '289234', 2: '289234', 3: '289234', 4: '289234', 5: '289234', 6: '289234', 7: '289234', 8: '289234'}","{0: '20250705', 1: '20250705', 2: '20250705', 3: '20250705', 4: '20250705', 5: '20250705', 6: '20250705', 7: '20250705', 8: '20250705'}","{0: 'New South Wales Waratahs', 1: 'Japan', 2: 'New Zealand', 3: 'South Africa', 4: 'Georgia', 5: 'Chile', 6: 'Argentina', 7: 'United States of America', 8: 'Australia'}","{0: '227', 1: '23', 2: '8', 3: '5', 4: '81', 5: '289243', 6: '10', 7: '11', 8: '6'}","{0: '602520', 1: '602436', 2: '602437', 3: '602438', 4: '602439', 5: '602491', 6: '602440', 7: '602441', 8: '602442'}"
{0: 'British and Irish Lions'},{0: '32'},{0: '268565'},{0: '20250709'},{0: 'Brumbies'},{0: '25889'},{0: '602521'}
"{0: 'Romania', 1: 'Scotland'}","{0: '12', 1: '2'}","{0: '289234', 1: '289234'}","{0: '20250711', 1: '20250711'}","{0: 'Brazil', 1: 'Fiji'}","{0: '33', 1: '14'}","{0: '602443', 1: '602445'}"
"{0: 'British and Irish Lions', 1: 'Newman', 2: 'Alumni', 3: 'La Plata Rugby Club', 4: 'B.A.C.R.C.', 5: 'Hindú', 6: 'Los Tilos', 7: 'Wales', 8: 'France', 9: 'Italy', 10: 'Romania', 11: 'Ireland', 12: 'England', 13: 'Belgium', 14: 'Spain'}","{0: '32', 1: '6453', 2: '6447', 3: '289354', 4: '6481', 5: '6459', 6: '6449', 7: '4', 8: '9', 9: '20', 10: '12', 11: '3', 12: '1', 13: '289267', 14: '289211'}","{0: '268565', 1: '289279', 2: '289279', 3: '289279', 4: '289279', 5: '289279', 6: '289279', 7: '289234', 8: '289234', 9: '289234', 10: '289234', 11: '289234', 12: '289234', 13: '289234', 14: '289234'}","{0: '20250712', 1: '20250712', 2: '20250712', 3: '20250712', 4: '20250712', 5: '20250712', 6: '20250712', 7: '20250712', 8: '20250712', 9: '20250712', 10: '20250712', 11: '20250712', 12: '20250712', 13: '20250712', 14: '20250712'}","{0: 'AUNZ XV', 1: 'Regatas Bella Vista', 2: 'CUBA', 3: 'Belgrano AC', 4: 'CASI', 5: 'San Luis', 6: 'SIC', 7: 'Japan', 8: 'New Zealand', 9: 'South Africa', 10: 'Uruguay', 11: 'Portugal', 12: 'Argentina', 13: 'Canada', 14: 'United States of America'}","{0: '289469', 1: '11935', 2: '6537', 3: '6534', 4: '6455', 5: '6536', 6: '6461', 7: '23', 8: '8', 9: '5', 10: '29', 11: '27', 12: '10', 13: '25', 14: '11'}","{0: '602522', 1: '602361', 2: '602357', 3: '602358', 4: '602359', 5: '602360', 6: '602362', 7: '602446', 8: '602447', 9: '602448', 10: '602444', 11: '602449', 12: '602450', 13: '602451', 14: '602452'}"
"{0: 'Scotland', 1: 'Spain'}","{0: '2', 1: '289211'}","{0: '289234', 1: '289234'}","{0: '20250718', 1: '20250718'}","{0: 'Samoa', 1: 'Canada'}","{0: '15', 1: '25'}","{0: '602453', 1: '602455'}"
"{0: 'British and Irish Lions', 1: 'Belgrano AC', 2: 'Los Tilos', 3: 'SIC', 4: 'Regatas Bella Vista', 5: 'San Luis', 6: 'CASI', 7: 'France', 8: 'Georgia', 9: 'Chile', 10: 'Uruguay', 11: 'England'}","{0: '32', 1: '6534', 2: '6449', 3: '6461', 4: '11935', 5: '6536', 6: '6455', 7: '9', 8: '81', 9: '289243', 10: '29', 11: '1'}","{0: '268565', 1: '289279', 2: '289279', 3: '289279', 4: '289279', 5: '289279', 6: '289279', 7: '289234', 8: '289234', 9: '289234', 10: '289234', 11: '289234'}","{0: '20250719', 1: '20250719', 2: '20250719', 3: '20250719', 4: '20250719', 5: '20250719', 6: '20250719', 7: '20250719', 8: '20250719', 9: '20250719', 10: '20250719', 11: '20250719'}","{0: 'Australia', 1: 'CUBA', 2: 'Alumni', 3: 'Newman', 4: 'Hindú', 5: 'B.A.C.R.C.', 6: 'La Plata Rugby Club', 7: 'New Zealand', 8: 'South Africa', 9: 'Brazil', 10: 'Argentina', 11: 'United States of America'}","{0: '6', 1: '6537', 2: '6447', 3: '6453', 4: '6459', 5: '6481', 6: '289354', 7: '8', 8: '5', 9: '33', 10: '10', 11: '11'}","{0: '602523', 1: '602368', 2: '602363', 3: '602364', 4: '602365', 5: '602366', 6: '602367', 7: '602456', 8: '602457', 9: '602454', 10: '602459', 11: '602458'}"
{0: 'British and Irish Lions'},{0: '32'},{0: '268565'},{0: '20250722'},{0: 'First Nations & Pasifika XV'},{0: '289754'},{0: '602524'}
"{0: 'British and Irish Lions', 1: 'Brazil', 2: 'Uruguay'}","{0: '32', 1: '33', 2: '29'}","{0: '268565', 1: '289234', 2: '289234'}","{0: '20250726', 1: '20250726', 2: '20250726'}","{0: 'Australia', 1: 'Chile', 2: 'Paraguay'}","{0: '6', 1: '289243', 2: '289514'}","{0: '602525', 1: '602460', 2: '602461'}"
{0: 'Waikato'},{0: '25947'},{0: '270563'},{0: '20250731'},{0: 'Auckland'},{0: '25930'},{0: '602214'}
"{0: 'North Harbour', 1: 'Canterbury'}","{0: '25941', 1: '25933'}","{0: '270563', 1: '270563'}","{0: '20250801', 1: '20250801'}","{0: 'Manawatu', 1: 'Wellington'}","{0: '25940', 1: '25948'}","{0: '602215', 1: '602216'}"
"{0: 'British and Irish Lions', 1: 'Alumni', 2: 'CUBA', 3: 'La Plata Rugby Club', 4: 'B.A.C.R.C.', 5: 'Hindú', 6: 'Newman', 7: 'Otago', 8: 'Northland', 9: 'Tasman'}","{0: '32', 1: '6447', 2: '6537', 3: '289354', 4: '6481', 5: '6459', 6: '6453', 7: '25943', 8: '25942', 9: '25946'}","{0: '268565', 1: '289279', 2: '289279', 3: '289279', 4: '289279', 5: '289279', 6: '289279', 7: '270563', 8: '270563', 9: '270563'}","{0: '20250802', 1: '20250802', 2: '20250802', 3: '20250802', 4: '20250802', 5: '20250802', 6: '20250802', 7: '20250802', 8: '20250802', 9: '20250802'}","{0: 'Australia', 1: 'Belgrano AC', 2: 'CASI', 3: 'San Luis', 4: 'Regatas Bella Vista', 5: 'SIC', 6: 'Los Tilos', 7: 'Southland', 8: 'Taranaki', 9: 'Bay of Plenty'}","{0: '6', 1: '6534', 2: '6455', 3: '6536', 4: '11935', 5: '6461', 6: '6449', 7: '25944', 8: '25945', 9: '25931'}","{0: '602526', 1: '602369', 2: '602370', 3: '602371', 4: '602372', 5: '602373', 6: '602374', 7: '602217', 8: '602218', 9: '602219'}"
{0: 'Counties Manukau'},{0: '25935'},{0: '270563'},{0: '20250803'},"{0: ""Hawke's Bay""}",{0: '25937'},{0: '602220'}
"{0: 'Southland', 1: 'Wellington', 2: 'Taranaki'}","{0: '25944', 1: '25948', 2: '25945'}","{0: '270563', 1: '270563', 2: '270563'}","{0: '20250808', 1: '20250808', 2: '20250808'}","{0: 'Northland', 1: 'Waikato', 2: 'North Harbour'}","{0: '25942', 1: '25947', 2: '25941'}","{0: '602221', 1: '602222', 2: '602223'}"
"{0: 'Newman', 1: 'Los Tilos', 2: 'SIC', 3: 'Regatas Bella Vista', 4: 'San Luis', 5: 'CASI', 6: 'Manawatu', 7: 'Auckland', 8: 'Bay of Plenty'}","{0: '6453', 1: '6449', 2: '6461', 3: '11935', 4: '6536', 5: '6455', 6: '25940', 7: '25930', 8: '25931'}","{0: '289279', 1: '289279', 2: '289279', 3: '289279', 4: '289279', 5: '289279', 6: '270563', 7: '270563', 8: '270563'}","{0: '20250809', 1: '20250809', 2: '20250809', 3: '20250809', 4: '20250809', 5: '20250809', 6: '20250809', 7: '20250809', 8: '20250809'}","{0: 'Alumni', 1: 'Hindú', 2: 'B.A.C.R.C.', 3: 'La Plata Rugby Club', 4: 'CUBA', 5: 'Belgrano AC', 6: 'Tasman', 7: 'Canterbury', 8: 'Counties Manukau'}","{0: '6447', 1: '6459', 2: '6481', 3: '289354', 4: '6537', 5: '6534', 6: '25946', 7: '25933', 8: '25935'}","{0: '602375', 1: '602376', 2: '602377', 3: '602378', 4: '602379', 5: '602380', 6: '602224', 7: '602225', 8: '602226'}"
"{0: ""Hawke's Bay""}",{0: '25937'},{0: '270563'},{0: '20250810'},{0: 'Otago'},{0: '25943'},{0: '602227'}
"{0: 'Manawatu', 1: 'Tasman', 2: 'Canterbury'}","{0: '25940', 1: '25946', 2: '25933'}","{0: '270563', 1: '270563', 2: '270563'}","{0: '20250815', 1: '20250815', 2: '20250815'}","{0: 'Southland', 1: 'Northland', 2: 'Bay of Plenty'}","{0: '25944', 1: '25942', 2: '25931'}","{0: '602228', 1: '602229', 2: '602230'}"
"{0: 'Alumni', 1: 'Belgrano AC', 2: 'CUBA', 3: 'La Plata Rugby Club', 4: 'B.A.C.R.C.', 5: 'Hindú', 6: 'Taranaki', 7: 'North Harbour', 8: 'Otago'}","{0: '6447', 1: '6534', 2: '6537', 3: '289354', 4: '6481', 5: '6459', 6: '25945', 7: '25941', 8: '25943'}","{0: '289279', 1: '289279', 2: '289279', 3: '289279', 4: '289279', 5: '289279', 6: '270563', 7: '270563', 8: '270563'}","{0: '20250816', 1: '20250816', 2: '20250816', 3: '20250816', 4: '20250816', 5: '20250816', 6: '20250816', 7: '20250816', 8: '20250816'}","{0: 'CASI', 1: 'San Luis', 2: 'Regatas Bella Vista', 3: 'SIC', 4: 'Los Tilos', 5: 'Newman', 6: 'Auckland', 7: ""Hawke's Bay"", 8: 'Wellington'}","{0: '6455', 1: '6536', 2: '11935', 3: '6461', 4: '6449', 5: '6453', 6: '25930', 7: '25937', 8: '25948'}","{0: '602381', 1: '602382', 2: '602383', 3: '602384', 4: '602385', 5: '602386', 6: '602231', 7: '602232', 8: '602233'}"
{0: 'Counties Manukau'},{0: '25935'},{0: '270563'},{0: '20250817'},{0: 'Waikato'},{0: '25947'},{0: '602234'}
{0: 'Southland'},{0: '25944'},{0: '270563'},{0: '20250821'},{0: 'Bay of Plenty'},{0: '25931'},{0: '602235'}
"{0: 'Canterbury', 1: 'Waikato', 2: 'USA Women'}","{0: '25933', 1: '25947', 2: '289251'}","{0: '270563', 1: '270563', 2: '289237'}","{0: '20250822', 1: '20250822', 2: '20250822'}","{0: ""Hawke's Bay"", 1: 'Taranaki', 2: 'England Women'}","{0: '25937', 1: '25945', 2: '289249'}","{0: '602236', 1: '602237', 2: '600464'}"
"{0: 'Tasman', 1: 'Northland', 2: 'Counties Manukau', 3: 'Samoa Women', 4: 'Wales Women', 5: 'Fiji Women', 6: 'Italy Women', 7: 'Paraguay'}","{0: '25946', 1: '25942', 2: '25935', 3: '289555', 4: '289246', 5: '289321', 6: '289250', 7: '289514'}","{0: '270563', 1: '270563', 2: '270563', 3: '289237', 4: '289237', 5: '289237', 6: '289237', 7: '289234'}","{0: '20250823', 1: '20250823', 2: '20250823', 3: '20250823', 4: '20250823', 5: '20250823', 6: '20250823', 7: '20250823'}","{0: 'North Harbour', 1: 'Auckland', 2: 'Otago', 3: 'Australia Women', 4: 'Scotland Women', 5: 'Canada Women', 6: 'France Women', 7: 'Uruguay'}","{0: '25941', 1: '25930', 2: '25943', 3: '289252', 4: '289340', 5: '289244', 6: '289254', 7: '29'}","{0: '602238', 1: '602239', 2: '602240', 3: '600465', 4: '600466', 5: '600467', 6: '600468', 7: '602462'}"
"{0: 'Wellington', 1: 'Japan Women', 2: 'Brazil Women', 3: 'Spain Women'}","{0: '25948', 1: '289255', 2: '289556', 3: '289248'}","{0: '270563', 1: '289237', 2: '289237', 3: '289237'}","{0: '20250824', 1: '20250824', 2: '20250824', 3: '20250824'}","{0: 'Manawatu', 1: 'Ireland Women', 2: 'South Africa Women', 3: 'New Zealand Women'}","{0: '25940', 1: '289253', 2: '289320', 3: '289247'}","{0: '602241', 1: '600469', 2: '600470', 3: '600471'}"
"{0: 'Bay of Plenty', 1: 'Manawatu', 2: 'Taranaki', 3: 'TBC'}","{0: '25931', 1: '25940', 2: '25945', 3: '289336'}","{0: '270563', 1: '270563', 2: '270563', 3: '289234'}","{0: '20250829', 1: '20250829', 2: '20250829', 3: '20250829'}","{0: 'North Harbour', 1: 'Canterbury', 2: 'Counties Manukau', 3: 'Chile'}","{0: '25941', 1: '25933', 2: '25935', 3: '289243'}","{0: '602242', 1: '602243', 2: '602244', 3: '602463'}"
"{0: 'Hindú', 1: 'Newman', 2: 'Los Tilos', 3: 'SIC', 4: 'Regatas Bella Vista', 5: 'San Luis', 6: ""Hawke's Bay"", 7: 'Otago', 8: 'Auckland', 9: 'Wales Women', 10: 'Fiji Women', 11: 'Samoa Women', 12: 'Australia Women'}","{0: '6459', 1: '6453', 2: '6449', 3: '6461', 4: '11935', 5: '6536', 6: '25937', 7: '25943', 8: '25930', 9: '289246', 10: '289321', 11: '289555', 12: '289252'}","{0: '289279', 1: '289279', 2: '289279', 3: '289279', 4: '289279', 5: '289279', 6: '270563', 7: '270563', 8: '270563', 9: '289237', 10: '289237', 11: '289237', 12: '289237'}","{0: '20250830', 1: '20250830', 2: '20250830', 3: '20250830', 4: '20250830', 5: '20250830', 6: '20250830', 7: '20250830', 8: '20250830', 9: '20250830', 10: '20250830', 11: '20250830', 12: '20250830'}","{0: 'Alumni', 1: 'B.A.C.R.C.', 2: 'La Plata Rugby Club', 3: 'CUBA', 4: 'Belgrano AC', 5: 'CASI', 6: 'Northland', 7: 'Tasman', 8: 'Wellington', 9: 'Canada Women', 10: 'Scotland Women', 11: 'England Women', 12: 'USA Women'}","{0: '6447', 1: '6481', 2: '289354', 3: '6537', 4: '6534', 5: '6455', 6: '25942', 7: '25946', 8: '25948', 9: '289244', 10: '289340', 11: '289249', 12: '289251'}","{0: '602387', 1: '602388', 2: '602389', 3: '602390', 4: '602391', 5: '602392', 6: '602245', 7: '602246', 8: '602247', 9: '600472', 10: '600473', 11: '600474', 12: '600475'}"
"{0: 'Southland', 1: 'Spain Women', 2: 'Japan Women', 3: 'South Africa Women', 4: 'Brazil Women'}","{0: '25944', 1: '289248', 2: '289255', 3: '289320', 4: '289556'}","{0: '270563', 1: '289237', 2: '289237', 3: '289237', 4: '289237'}","{0: '20250831', 1: '20250831', 2: '20250831', 3: '20250831', 4: '20250831'}","{0: 'Waikato', 1: 'Ireland Women', 2: 'New Zealand Women', 3: 'Italy Women', 4: 'France Women'}","{0: '25947', 1: '289253', 2: '289247', 3: '289250', 4: '289254'}","{0: '602248', 1: '600476', 2: '600477', 3: '600478', 4: '600479'}"
{0: 'North Harbour'},{0: '25941'},{0: '270563'},{0: '20250904'},{0: 'Counties Manukau'},{0: '25935'},{0: '602249'}
"{0: 'Northland', 1: 'Waikato', 2: 'Wellington', 3: 'Chile', 4: 'Fiji'}","{0: '25942', 1: '25947', 2: '25948', 3: '289243', 4: '14'}","{0: '270563', 1: '270563', 2: '270563', 3: '289234', 4: '289234'}","{0: '20250905', 1: '20250905', 2: '20250905', 3: '20250905', 4: '20250905'}","{0: 'Otago', 1: 'Manawatu', 2: ""Hawke's Bay"", 3: 'TBC', 4: 'Samoa'}","{0: '25943', 1: '25940', 2: '25937', 3: '289336', 4: '15'}","{0: '602250', 1: '602251', 2: '602252', 3: '602464', 4: '602493'}"
"{0: 'US Montauban', 1: 'Bayonne', 2: 'Pau', 3: 'Racing 92', 4: 'Toulon', 5: 'La Rochelle', 6: 'Alumni', 7: 'CASI', 8: 'Belgrano AC', 9: 'CUBA', 10: 'La Plata Rugby Club', 11: 'B.A.C.R.C.', 12: 'Canterbury', 13: 'Bay of Plenty', 14: 'Scotland Women', 15: 'Samoa Women', 16: 'Fiji Women', 17: 'Australia Women'}","{0: '289766', 1: '25912', 2: '270567', 3: '99855', 4: '25986', 5: '119318', 6: '6447', 7: '6455', 8: '6534', 9: '6537', 10: '289354', 11: '6481', 12: '25933', 13: '25931', 14: '289340', 15: '289555', 16: '289321', 17: '289252'}","{0: '270559', 1: '270559', 2: '270559', 3: '270559', 4: '270559', 5: '270559', 6: '289279', 7: '289279', 8: '289279', 9: '289279', 10: '289279', 11: '289279', 12: '270563', 13: '270563', 14: '289237', 15: '289237', 16: '289237', 17: '289237'}","{0: '20250906', 1: '20250906', 2: '20250906', 3: '20250906', 4: '20250906', 5: '20250906', 6: '20250906', 7: '20250906', 8: '20250906', 9: '20250906', 10: '20250906', 11: '20250906', 12: '20250906', 13: '20250906', 14: '20250906', 15: '20250906', 16: '20250906', 17: '20250906'}","{0: 'Stade Francais Paris', 1: 'Perpignan', 2: 'Castres Olympique', 3: 'Lyon', 4: 'Montpellier Herault', 5: 'Bordeaux Begles', 6: 'San Luis', 7: 'Regatas Bella Vista', 8: 'SIC', 9: 'Los Tilos', 10: 'Newman', 11: 'Hindú', 12: 'Southland', 13: 'Taranaki', 14: 'Canada Women', 15: 'USA Women', 16: 'Wales Women', 17: 'England Women'}","{0: '25921', 1: '25920', 2: '25916', 3: '143736', 4: '25918', 5: '143737', 6: '6536', 7: '11935', 8: '6461', 9: '6449', 10: '6453', 11: '6459', 12: '25944', 13: '25945', 14: '289244', 15: '289251', 16: '289246', 17: '289249'}","{0: '602683', 1: '602685', 2: '602680', 3: '602681', 4: '602682', 5: '602684', 6: '602393', 7: '602394', 8: '602395', 9: '602396', 10: '602397', 11: '602398', 12: '602253', 13: '602254', 14: '600480', 15: '600481', 16: '600482', 17: '600483'}"
"{0: 'Stade Toulousain', 1: 'Auckland', 2: 'Spain Women', 3: 'Brazil Women', 4: 'Ireland Women', 5: 'South Africa Women'}","{0: '25922', 1: '25930', 2: '289248', 3: '289556', 4: '289253', 5: '289320'}","{0: '270559', 1: '270563', 2: '289237', 3: '289237', 4: '289237', 5: '289237'}","{0: '20250907', 1: '20250907', 2: '20250907', 3: '20250907', 4: '20250907', 5: '20250907'}","{0: 'Clermont Auvergne', 1: 'Tasman', 2: 'Japan Women', 3: 'Italy Women', 4: 'New Zealand Women', 5: 'France Women'}","{0: '25917', 1: '25946', 2: '289255', 3: '289250', 4: '289247', 5: '289254'}","{0: '602679', 1: '602255', 2: '600484', 3: '600485', 4: '600486', 5: '600487'}"
{0: 'Wellington'},{0: '25948'},{0: '270563'},{0: '20250911'},{0: 'Northland'},{0: '25942'},{0: '602256'}
"{0: 'North Harbour', 1: ""Hawke's Bay""}","{0: '25941', 1: '25937'}","{0: '270563', 1: '270563'}","{0: '20250912', 1: '20250912'}","{0: 'Waikato', 1: 'Bay of Plenty'}","{0: '25947', 1: '25931'}","{0: '602257', 1: '602258'}"
"{0: 'Lyon', 1: 'Montpellier Herault', 2: 'Stade Francais Paris', 3: 'Clermont Auvergne', 4: 'Perpignan', 5: 'Castres Olympique', 6: 'B.A.C.R.C.', 7: 'Hindú', 8: 'Newman', 9: 'Los Tilos', 10: 'SIC', 11: 'Regatas Bella Vista', 12: 'Taranaki', 13: 'Manawatu', 14: 'Tasman'}","{0: '143736', 1: '25918', 2: '25921', 3: '25917', 4: '25920', 5: '25916', 6: '6481', 7: '6459', 8: '6453', 9: '6449', 10: '6461', 11: '11935', 12: '25945', 13: '25940', 14: '25946'}","{0: '270559', 1: '270559', 2: '270559', 3: '270559', 4: '270559', 5: '270559', 6: '289279', 7: '289279', 8: '289279', 9: '289279', 10: '289279', 11: '289279', 12: '270563', 13: '270563', 14: '270563'}","{0: '20250913', 1: '20250913', 2: '20250913', 3: '20250913', 4: '20250913', 5: '20250913', 6: '20250913', 7: '20250913', 8: '20250913', 9: '20250913', 10: '20250913', 11: '20250913', 12: '20250913', 13: '20250913', 14: '20250913'}","{0: 'US Montauban', 1: 'Bayonne', 2: 'Pau', 3: 'La Rochelle', 4: 'Stade Toulousain', 5: 'Toulon', 6: 'Alumni', 7: 'La Plata Rugby Club', 8: 'CUBA', 9: 'Belgrano AC', 10: 'CASI', 11: 'San Luis', 12: 'Otago', 13: 'Auckland', 14: 'Canterbury'}","{0: '289766', 1: '25912', 2: '270567', 3: '119318', 4: '25922', 5: '25986', 6: '6447', 7: '289354', 8: '6537', 9: '6534', 10: '6455', 11: '6536', 12: '25943', 13: '25930', 14: '25933'}","{0: '602692', 1: '602686', 2: '602689', 3: '602690', 4: '602691', 5: '602688', 6: '602399', 7: '602400', 8: '602401', 9: '602402', 10: '602403', 11: '602404', 12: '602259', 13: '602260', 14: '602261'}"
"{0: 'Bordeaux Begles', 1: 'Counties Manukau'}","{0: '143737', 1: '25935'}","{0: '270559', 1: '270563'}","{0: '20250914', 1: '20250914'}","{0: 'Racing 92', 1: 'Southland'}","{0: '99855', 1: '25944'}","{0: '602687', 1: '602262'}"
"{0: ""Hawke's Bay"", 1: 'Southland', 2: 'Auckland'}","{0: '25937', 1: '25944', 2: '25930'}","{0: '270563', 1: '270563', 2: '270563'}","{0: '20250919', 1: '20250919', 2: '20250919'}","{0: 'Taranaki', 1: 'Wellington', 2: 'Counties Manukau'}","{0: '25945', 1: '25948', 2: '25935'}","{0: '602263', 1: '602264', 2: '602265'}"
"{0: 'Pau', 1: 'Bayonne', 2: 'Stade Francais Paris', 3: 'US Montauban', 4: 'Racing 92', 5: 'Stade Toulousain', 6: 'Otago', 7: 'Waikato', 8: 'Northland'}","{0: '270567', 1: '25912', 2: '25921', 3: '289766', 4: '99855', 5: '25922', 6: '25943', 7: '25947', 8: '25942'}","{0: '270559', 1: '270559', 2: '270559', 3: '270559', 4: '270559', 5: '270559', 6: '270563', 7: '270563', 8: '270563'}","{0: '20250920', 1: '20250920', 2: '20250920', 3: '20250920', 4: '20250920', 5: '20250920', 6: '20250920', 7: '20250920', 8: '20250920'}","{0: 'Clermont Auvergne', 1: 'Castres Olympique', 2: 'Lyon', 3: 'Bordeaux Begles', 4: 'Perpignan', 5: 'Montpellier Herault', 6: 'Canterbury', 7: 'Tasman', 8: 'North Harbour'}","{0: '25917', 1: '25916', 2: '143736', 3: '143737', 4: '25920', 5: '25918', 6: '25933', 7: '25946', 8: '25941'}","{0: '602693', 1: '602694', 2: '602695', 3: '602698', 4: '602699', 5: '602696', 6: '602266', 7: '602267', 8: '602268'}"
"{0: 'La Rochelle', 1: 'Bay of Plenty'}","{0: '119318', 1: '25931'}","{0: '270559', 1: '270563'}","{0: '20250921', 1: '20250921'}","{0: 'Toulon', 1: 'Manawatu'}","{0: '25986', 1: '25940'}","{0: '602697', 1: '602269'}"
"{0: 'Gloucester Rugby', 1: 'Auckland'}","{0: '25900', 1: '25930'}","{0: '267979', 1: '270563'}","{0: '20250925', 1: '20250925'}","{0: 'Sale Sharks', 1: ""Hawke's Bay""}","{0: '25908', 1: '25937'}","{0: '602980', 1: '602270'}"
"{0: 'Bath Rugby', 1: 'Saracens', 2: 'Leinster', 3: 'Dragons', 4: 'Sharks', 5: 'Tasman', 6: 'North Harbour', 7: 'Wellington'}","{0: '25898', 1: '25909', 2: '25924', 3: '25967', 4: '25961', 5: '25946', 6: '25941', 7: '25948'}","{0: '267979', 1: '267979', 2: '270557', 3: '270557', 4: '270557', 5: '270563', 6: '270563', 7: '270563'}","{0: '20250926', 1: '20250926', 2: '20250926', 3: '20250926', 4: '20250926', 5: '20250926', 6: '20250926', 7: '20250926'}","{0: 'Harlequins', 1: 'Newcastle Falcons', 2: 'Stormers', 3: 'Ulster', 4: 'Glasgow Warriors', 5: 'Southland', 6: 'Otago', 7: 'Taranaki'}","{0: '25901', 1: '25906', 2: '25962', 3: '25926', 4: '25952', 5: '25944', 6: '25943', 7: '25945'}","{0: '602981', 1: '602982', 2: '602528', 3: '602529', 4: '602530', 5: '602271', 6: '602272', 7: '602273'}"
"{0: 'Ospreys', 1: 'Edinburgh', 2: 'Munster', 3: 'Lions', 4: 'Benetton Treviso', 5: 'Bordeaux Begles', 6: 'Clermont Auvergne', 7: 'Lyon', 8: 'Perpignan', 9: 'Montpellier Herault', 10: 'Castres Olympique', 11: 'Alumni', 12: 'San Luis', 13: 'CASI', 14: 'Belgrano AC', 15: 'CUBA', 16: 'La Plata Rugby Club', 17: 'Manawatu', 18: 'Waikato', 19: 'Canterbury'}","{0: '25968', 1: '25951', 2: '25925', 3: '25958', 4: '25927', 5: '143737', 6: '25917', 7: '143736', 8: '25920', 9: '25918', 10: '25916', 11: '6447', 12: '6536', 13: '6455', 14: '6534', 15: '6537', 16: '289354', 17: '25940', 18: '25947', 19: '25933'}","{0: '270557', 1: '270557', 2: '270557', 3: '270557', 4: '270557', 5: '270559', 6: '270559', 7: '270559', 8: '270559', 9: '270559', 10: '270559', 11: '289279', 12: '289279', 13: '289279', 14: '289279', 15: '289279', 16: '289279', 17: '270563', 18: '270563', 19: '270563'}","{0: '20250927', 1: '20250927', 2: '20250927', 3: '20250927', 4: '20250927', 5: '20250927', 6: '20250927', 7: '20250927', 8: '20250927', 9: '20250927', 10: '20250927', 11: '20250927', 12: '20250927', 13: '20250927', 14: '20250927', 15: '20250927', 16: '20250927', 17: '20250927', 18: '20250927', 19: '20250927'}","{0: 'Bulls', 1: 'Zebre', 2: 'Scarlets', 3: 'Cardiff Blues', 4: 'Connacht', 5: 'Stade Francais Paris', 6: 'Racing 92', 7: 'Pau', 8: 'La Rochelle', 9: 'US Montauban', 10: 'Stade Toulousain', 11: 'Regatas Bella Vista', 12: 'SIC', 13: 'Los Tilos', 14: 'Newman', 15: 'Hindú', 16: 'B.A.C.R.C.', 17: 'Counties Manukau', 18: 'Bay of Plenty', 19: 'Northland'}","{0: '25953', 1: '167124', 2: '25966', 3: '25965', 4: '25923', 5: '25921', 6: '99855', 7: '270567', 8: '119318', 9: '289766', 10: '25922', 11: '11935', 12: '6461', 13: '6449', 14: '6453', 15: '6459', 16: '6481', 17: '25935', 18: '25931', 19: '25942'}","{0: '602531', 1: '602532', 2: '602533', 3: '602534', 4: '602535', 5: '602703', 6: '602701', 7: '602702', 8: '602704', 9: '602706', 10: '602705', 11: '602405', 12: '602406', 13: '602407', 14: '602408', 15: '602409', 16: '602410', 17: '602274', 18: '602275', 19: '602276'}"
"{0: 'Exeter Chiefs', 1: 'Leicester Tigers', 2: 'Toulon'}","{0: '116227', 1: '25903', 2: '25986'}","{0: '267979', 1: '267979', 2: '270559'}","{0: '20250928', 1: '20250928', 2: '20250928'}","{0: 'Northampton Saints', 1: 'Bristol Rugby', 2: 'Bayonne'}","{0: '25907', 1: '25899', 2: '25912'}","{0: '602983', 1: '602984', 2: '602700'}"
"{0: 'Sale Sharks', 1: 'Ospreys', 2: 'Scarlets', 3: 'Ulster', 4: 'Sharks', 5: 'Southland', 6: 'Bay of Plenty', 7: 'Otago', 8: 'Northland', 9: 'US Montauban', 10: 'Stade Toulousain', 11: 'Racing 92', 12: 'La Rochelle', 13: 'Pau', 14: 'Lyon', 15: 'Stade Francais Paris'}","{0: '25908', 1: '25968', 2: '25966', 3: '25926', 4: '25961', 5: '25944', 6: '25931', 7: '25943', 8: '25942', 9: '289766', 10: '25922', 11: '99855', 12: '119318', 13: '270567', 14: '143736', 15: '25921'}","{0: '267979', 1: '270557', 2: '270557', 3: '270557', 4: '270557', 5: '270563', 6: '270563', 7: '270563', 8: '270563', 9: '270559', 10: '270559', 11: '270559', 12: '270559', 13: '270559', 14: '270559', 15: '270559'}","{0: '20251003', 1: '20251003', 2: '20251003', 3: '20251003', 4: '20251003', 5: '20251003', 6: '20251003', 7: '20251003', 8: '20251003', 9: '20251003', 10: '20251003', 11: '20251003', 12: '20251003', 13: '20251003', 14: '20251003', 15: '20251003'}","{0: 'Bath Rugby', 1: 'Stormers', 2: 'Connacht', 3: 'Edinburgh', 4: 'Dragons', 5: 'North Harbour', 6: 'Wellington', 7: 'Auckland', 8: 'Waikato', 9: 'Clermont Auvergne', 10: 'Bayonne', 11: 'Castres Olympique', 12: 'Montpellier Herault', 13: 'Toulon', 14: 'Bordeaux Begles', 15: 'Perpignan'}","{0: '25898', 1: '25962', 2: '25923', 3: '25951', 4: '25967', 5: '25941', 6: '25948', 7: '25930', 8: '25947', 9: '25917', 10: '25912', 11: '25916', 12: '25918', 13: '25986', 14: '143737', 15: '25920'}","{0: '602985', 1: '602536', 2: '602537', 3: '602538', 4: '602539', 5: '602277', 6: '602278', 7: '602279', 8: '602280', 9: '602707', 10: '602708', 11: '602709', 12: '602710', 13: '602711', 14: '602712', 15: '602713'}"
"{0: 'Newcastle Falcons', 1: 'Harlequins', 2: 'Bristol Rugby', 3: 'Lions', 4: 'Glasgow Warriors', 5: 'Leinster', 6: 'Cardiff Blues', 7: 'La Plata Rugby Club', 8: 'B.A.C.R.C.', 9: 'Hindú', 10: 'Newman', 11: 'Los Tilos', 12: 'SIC', 13: ""Hawke's Bay"", 14: 'Counties Manukau', 15: 'Taranaki'}","{0: '25906', 1: '25901', 2: '25899', 3: '25958', 4: '25952', 5: '25924', 6: '25965', 7: '289354', 8: '6481', 9: '6459', 10: '6453', 11: '6449', 12: '6461', 13: '25937', 14: '25935', 15: '25945'}","{0: '267979', 1: '267979', 2: '267979', 3: '270557', 4: '270557', 5: '270557', 6: '270557', 7: '289279', 8: '289279', 9: '289279', 10: '289279', 11: '289279', 12: '289279', 13: '270563', 14: '270563', 15: '270563'}","{0: '20251004', 1: '20251004', 2: '20251004', 3: '20251004', 4: '20251004', 5: '20251004', 6: '20251004', 7: '20251004', 8: '20251004', 9: '20251004', 10: '20251004', 11: '20251004', 12: '20251004', 13: '20251004', 14: '20251004', 15: '20251004'}","{0: 'Exeter Chiefs', 1: 'Leicester Tigers', 2: 'Saracens', 3: 'Zebre', 4: 'Benetton Treviso', 5: 'Bulls', 6: 'Munster', 7: 'Alumni', 8: 'CUBA', 9: 'Belgrano AC', 10: 'CASI', 11: 'San Luis', 12: 'Regatas Bella Vista', 13: 'Manawatu', 14: 'Tasman', 15: 'Canterbury'}","{0: '116227', 1: '25903', 2: '25909', 3: '167124', 4: '25927', 5: '25953', 6: '25925', 7: '6447', 8: '6537', 9: '6534', 10: '6455', 11: '6536', 12: '11935', 13: '25940', 14: '25946', 15: '25933'}","{0: '602986', 1: '602987', 2: '602988', 3: '602540', 4: '602541', 5: '602542', 6: '602543', 7: '602411', 8: '602412', 9: '602413', 10: '602414', 11: '602415', 12: '602416', 13: '602281', 14: '602282', 15: '602283'}"
{0: 'Northampton Saints'},{0: '25907'},{0: '267979'},{0: '20251005'},{0: 'Gloucester Rugby'},{0: '25900'},{0: '602989'}
"{0: 'Newcastle Falcons', 1: 'Edinburgh', 2: 'Stormers', 3: 'Toulon', 4: 'Perpignan', 5: 'Montpellier Herault', 6: 'Bayonne', 7: 'La Rochelle', 8: 'Bordeaux Begles', 9: 'Castres Olympique'}","{0: '25906', 1: '25951', 2: '25962', 3: '25986', 4: '25920', 5: '25918', 6: '25912', 7: '119318', 8: '143737', 9: '25916'}","{0: '267979', 1: '270557', 2: '270557', 3: '270559', 4: '270559', 5: '270559', 6: '270559', 7: '270559', 8: '270559', 9: '270559'}","{0: '20251010', 1: '20251010', 2: '20251010', 3: '20251010', 4: '20251010', 5: '20251010', 6: '20251010', 7: '20251010', 8: '20251010', 9: '20251010'}","{0: 'Sale Sharks', 1: 'Munster', 2: 'Scarlets', 3: 'Clermont Auvergne', 4: 'Lyon', 5: 'Racing 92', 6: 'Pau', 7: 'Stade Francais Paris', 8: 'Stade Toulousain', 9: 'US Montauban'}","{0: '25908', 1: '25925', 2: '25966', 3: '25917', 4: '143736', 5: '99855', 6: '270567', 7: '25921', 8: '25922', 9: '289766'}","{0: '602990', 1: '602544', 2: '602545', 3: '602714', 4: '602715', 5: '602716', 6: '602717', 7: '602718', 8: '602719', 9: '602720'}"
"{0: 'Exeter Chiefs', 1: 'Leicester Tigers', 2: 'Gloucester Rugby', 3: 'Lions', 4: 'Zebre', 5: 'Dragons', 6: 'Sharks', 7: 'Bulls', 8: 'Connacht', 9: 'Alumni', 10: 'Regatas Bella Vista', 11: 'San Luis', 12: 'CASI', 13: 'Belgrano AC', 14: 'CUBA'}","{0: '116227', 1: '25903', 2: '25900', 3: '25958', 4: '167124', 5: '25967', 6: '25961', 7: '25953', 8: '25923', 9: '6447', 10: '11935', 11: '6536', 12: '6455', 13: '6534', 14: '6537'}","{0: '267979', 1: '267979', 2: '267979', 3: '270557', 4: '270557', 5: '270557', 6: '270557', 7: '270557', 8: '270557', 9: '289279', 10: '289279', 11: '289279', 12: '289279', 13: '289279', 14: '289279'}","{0: '20251011', 1: '20251011', 2: '20251011', 3: '20251011', 4: '20251011', 5: '20251011', 6: '20251011', 7: '20251011', 8: '20251011', 9: '20251011', 10: '20251011', 11: '20251011', 12: '20251011', 13: '20251011', 14: '20251011'}","{0: 'Bristol Rugby', 1: 'Northampton Saints', 2: 'Bath Rugby', 3: 'Benetton Treviso', 4: 'Ospreys', 5: 'Glasgow Warriors', 6: 'Leinster', 7: 'Ulster', 8: 'Cardiff Blues', 9: 'SIC', 10: 'Los Tilos', 11: 'Newman', 12: 'Hindú', 13: 'B.A.C.R.C.', 14: 'La Plata Rugby Club'}","{0: '25899', 1: '25907', 2: '25898', 3: '25927', 4: '25968', 5: '25952', 6: '25924', 7: '25926', 8: '25965', 9: '6461', 10: '6449', 11: '6453', 12: '6459', 13: '6481', 14: '289354'}","{0: '602991', 1: '602992', 2: '602993', 3: '602546', 4: '602547', 5: '602548', 6: '602549', 7: '602550', 8: '602551', 9: '602417', 10: '602418', 11: '602419', 12: '602420', 13: '602421', 14: '602422'}"
{0: 'Saracens'},{0: '25909'},{0: '267979'},{0: '20251012'},{0: 'Harlequins'},{0: '25901'},{0: '602994'}
"{0: 'Bristol Rugby', 1: 'Northampton Saints', 2: 'Benetton Treviso', 3: 'Bulls', 4: 'Cardiff Blues', 5: 'Clermont Auvergne', 6: 'Stade Francais Paris', 7: 'Lyon', 8: 'Racing 92', 9: 'Stade Toulousain', 10: 'US Montauban', 11: 'Bordeaux Begles'}","{0: '25899', 1: '25907', 2: '25927', 3: '25953', 4: '25965', 5: '25917', 6: '25921', 7: '143736', 8: '99855', 9: '25922', 10: '289766', 11: '143737'}","{0: '267979', 1: '267979', 2: '270557', 3: '270557', 4: '270557', 5: '270559', 6: '270559', 7: '270559', 8: '270559', 9: '270559', 10: '270559', 11: '270559'}","{0: '20251017', 1: '20251017', 2: '20251017', 3: '20251017', 4: '20251017', 5: '20251017', 6: '20251017', 7: '20251017', 8: '20251017', 9: '20251017', 10: '20251017', 11: '20251017'}","{0: 'Gloucester Rugby', 1: 'Newcastle Falcons', 2: 'Edinburgh', 3: 'Connacht', 4: 'Dragons', 5: 'Bayonne', 6: 'Castres Olympique', 7: 'Montpellier Herault', 8: 'Toulon', 9: 'Pau', 10: 'La Rochelle', 11: 'Perpignan'}","{0: '25900', 1: '25906', 2: '25951', 3: '25923', 4: '25967', 5: '25912', 6: '25916', 7: '25918', 8: '25986', 9: '270567', 10: '119318', 11: '25920'}","{0: '602995', 1: '602996', 2: '602552', 3: '602553', 4: '602554', 5: '602721', 6: '602722', 7: '602723', 8: '602724', 9: '602725', 10: '602726', 11: '602727'}"
"{0: 'Bath Rugby', 1: 'Sale Sharks', 2: 'Scarlets', 3: 'Ulster', 4: 'Munster', 5: 'Stormers', 6: 'Glasgow Warriors'}","{0: '25898', 1: '25908', 2: '25966', 3: '25926', 4: '25925', 5: '25962', 6: '25952'}","{0: '267979', 1: '267979', 2: '270557', 3: '270557', 4: '270557', 5: '270557', 6: '270557'}","{0: '20251018', 1: '20251018', 2: '20251018', 3: '20251018', 4: '20251018', 5: '20251018', 6: '20251018'}","{0: 'Leicester Tigers', 1: 'Saracens', 2: 'Lions', 3: 'Sharks', 4: 'Leinster', 5: 'Zebre', 6: 'Ospreys'}","{0: '25903', 1: '25909', 2: '25958', 3: '25961', 4: '25924', 5: '167124', 6: '25968'}","{0: '602997', 1: '602998', 2: '602555', 3: '602556', 4: '602557', 5: '602558', 6: '602559'}"
{0: 'Harlequins'},{0: '25901'},{0: '267979'},{0: '20251019'},{0: 'Exeter Chiefs'},{0: '116227'},{0: '602999'}
"{0: 'Saracens', 1: 'Bulls', 2: 'Castres Olympique', 3: 'La Rochelle', 4: 'Pau', 5: 'Montpellier Herault', 6: 'Toulon', 7: 'Bayonne', 8: 'Perpignan', 9: 'Australia'}","{0: '25909', 1: '25953', 2: '25916', 3: '119318', 4: '270567', 5: '25918', 6: '25986', 7: '25912', 8: '25920', 9: '6'}","{0: '267979', 1: '270557', 2: '270559', 3: '270559', 4: '270559', 5: '270559', 6: '270559', 7: '270559', 8: '270559', 9: '289234'}","{0: '20251024', 1: '20251024', 2: '20251024', 3: '20251024', 4: '20251024', 5: '20251024', 6: '20251024', 7: '20251024', 8: '20251024', 9: '20251024'}","{0: 'Northampton Saints', 1: 'Glasgow Warriors', 2: 'Clermont Auvergne', 3: 'Lyon', 4: 'Racing 92', 5: 'Stade Francais Paris', 6: 'Stade Toulousain', 7: 'Bordeaux Begles', 8: 'US Montauban', 9: 'Japan'}","{0: '25907', 1: '25952', 2: '25917', 3: '143736', 4: '99855', 5: '25921', 6: '25922', 7: '143737', 8: '289766', 9: '23'}","{0: '603000', 1: '602560', 2: '602728', 3: '602729', 4: '602730', 5: '602731', 6: '602732', 7: '602733', 8: '602734', 9: '602465'}"
"{0: 'Gloucester Rugby', 1: 'Newcastle Falcons', 2: 'Bristol Rugby', 3: 'Sale Sharks', 4: 'Ulster', 5: 'Scarlets', 6: 'Zebre', 7: 'Stormers', 8: 'Ospreys', 9: 'Connacht', 10: 'Edinburgh'}","{0: '25900', 1: '25906', 2: '25899', 3: '25908', 4: '25926', 5: '25966', 6: '167124', 7: '25962', 8: '25968', 9: '25923', 10: '25951'}","{0: '267979', 1: '267979', 2: '267979', 3: '267979', 4: '270557', 5: '270557', 6: '270557', 7: '270557', 8: '270557', 9: '270557', 10: '270557'}","{0: '20251025', 1: '20251025', 2: '20251025', 3: '20251025', 4: '20251025', 5: '20251025', 6: '20251025', 7: '20251025', 8: '20251025', 9: '20251025', 10: '20251025'}","{0: 'Exeter Chiefs', 1: 'Harlequins', 2: 'Bath Rugby', 3: 'Leicester Tigers', 4: 'Lions', 5: 'Sharks', 6: 'Leinster', 7: 'Benetton Treviso', 8: 'Dragons', 9: 'Munster', 10: 'Cardiff Blues'}","{0: '116227', 1: '25901', 2: '25898', 3: '25903', 4: '25958', 5: '25961', 6: '25924', 7: '25927', 8: '25967', 9: '25925', 10: '25965'}","{0: '603001', 1: '603002', 2: '603003', 3: '603004', 4: '602561', 5: '602562', 6: '602563', 7: '602564', 8: '602565', 9: '602566', 10: '602567'}"
"{0: 'US Montauban', 1: 'Bordeaux Begles', 2: 'Clermont Auvergne', 3: 'Lyon', 4: 'Perpignan', 5: 'Racing 92', 6: 'Stade Francais Paris'}","{0: '289766', 1: '143737', 2: '25917', 3: '143736', 4: '25920', 5: '99855', 6: '25921'}","{0: '270559', 1: '270559', 2: '270559', 3: '270559', 4: '270559', 5: '270559', 6: '270559'}","{0: '20251031', 1: '20251031', 2: '20251031', 3: '20251031', 4: '20251031', 5: '20251031', 6: '20251031'}","{0: 'Bayonne', 1: 'Castres Olympique', 2: 'Montpellier Herault', 3: 'Toulon', 4: 'Pau', 5: 'La Rochelle', 6: 'Stade Toulousain'}","{0: '25912', 1: '25916', 2: '25918', 3: '25986', 4: '270567', 5: '119318', 6: '25922'}","{0: '602735', 1: '602736', 2: '602737', 3: '602738', 4: '602739', 5: '602740', 6: '602741'}"
"{0: 'Australia', 1: 'United States of America', 2: 'New Zealand'}","{0: '6', 1: '11', 2: '8'}","{0: '289234', 1: '289234', 2: '289234'}","{0: '20251101', 1: '20251101', 2: '20251101'}","{0: 'England', 1: 'Scotland', 2: 'Ireland'}","{0: '1', 1: '2', 2: '3'}","{0: '602466', 1: '602467', 2: '602468'}"
